dates,mm/day
2004-02-04,1.16124518099933
2004-02-05,0.597652769728993
2004-02-06,1.34788000681779
2004-02-07,0.679089960797682
2004-02-08,0.53258033066303
2004-02-09,0.43603258905744
2004-02-10,0.340627373444691
2004-02-11,0.283114504857679
2004-02-12,0.240368569967615
2004-02-13,0.206015476393387
2004-02-14,0.874040974944606
2004-02-15,0.833537139935231
2004-02-16,1.76012572012954
2004-02-17,0.766686483722516
2004-02-18,0.722368501789671
2004-02-19,0.40370683483893
2004-02-20,0.291979819328447
2004-02-21,0.247386943923641
2004-02-22,0.182778387591614
2004-02-23,0.169171160729504
2004-02-24,0.278458496676325
2004-02-25,0.227646156468383
2004-02-26,0.425139935230953
2004-02-27,0.772596693369695
2004-02-28,0.220773819669337
2004-02-29,0.176335571842509
2004-03-01,0.153364786091699
2004-03-02,0.140676734276462
2004-03-03,0.403277313788989
2004-03-04,0.356596966081473
2004-03-05,0.709285290608488
2004-03-06,0.230661394238964
2004-03-07,0.479525890574399
2004-03-08,0.159747468893813
2004-03-09,0.301377739901142
2004-03-10,0.146827475711607
2004-03-11,0.14076263848645
2004-03-12,0.13154511675473
2004-03-13,0.120008181353332
2004-03-14,0.113213158343276
2004-03-15,0.109192841315834
2004-03-16,0.108514198056929
2004-03-17,0.117353741264701
2004-03-18,0.181661632861769
2004-03-19,0.114072200443157
2004-03-20,0.0980252940173854
2004-03-21,0.093773035622976
2004-03-22,0.101779307993864
2004-03-23,0.0924844724731549
2004-03-24,0.725168979035282
2004-03-25,1.38331549343787
2004-03-26,0.805266064428158
2004-03-27,0.583212272029998
2004-03-28,0.337070939151185
2004-03-29,0.245136253621953
2004-03-30,0.259800102266917
2004-03-31,0.186034157150162
2004-04-01,0.168990761888529
2004-04-02,0.163071961820351
2004-04-03,0.173268791545935
2004-04-04,0.155727151866371
2004-04-05,0.154782205556502
2004-04-06,0.113642679393216
2004-04-07,0.0516627918868246
2004-04-08,0.0480204533833305
2004-04-09,0.0449107209817624
2004-04-10,0.045597954661667
2004-04-11,0.0435706153059485
2004-04-12,0.0457697630816431
2004-04-13,0.0456666780296574
2004-04-14,0.0529685358786433
2004-04-15,0.0425998977330833
2004-04-16,0.0435792057269473
2004-04-17,0.0412769728992671
2004-04-18,0.0397049258564854
2004-04-19,0.0519462757797852
2004-04-20,0.0560868587012102
2004-04-21,0.229836713823078
2004-04-22,0.456881540821544
2004-04-23,0.515030100562468
2004-04-24,0.44733758309187
2004-04-25,0.435843599795466
2004-04-26,0.438317641043123
2004-04-27,0.457500051133458
2004-04-28,0.432613601499915
2004-04-29,0.379602113516278
2004-04-30,0.368322890744844
2004-05-01,0.338276461564684
2004-05-02,0.294087335946821
2004-05-03,0.287822055565025
2004-05-04,0.294542628259758
2004-05-05,0.297277245611045
2004-05-06,0.288867223453213
2004-05-07,0.418771569797171
2004-05-08,0.508673189023351
2004-05-09,0.291773649224476
2004-05-10,0.348564922447588
2004-05-11,0.468596011590251
2004-05-12,0.244600784046361
2004-05-13,0.206035520709051
2004-05-14,0.191466166695074
2004-05-15,0.209428737003579
2004-05-16,0.202928651781149
2004-05-17,0.191271450485768
2004-05-18,0.185742082836202
2004-05-19,0.182738298960286
2004-05-20,0.184625328106358
2004-05-21,0.17853758309187
2004-05-22,0.190836202488495
2004-05-23,0.189450281234021
2004-05-24,0.187961274927561
2004-05-25,0.28121029486961
2004-05-26,1.68477341060167
2004-05-27,1.67435322993012
2004-05-28,0.919189364240668
2004-05-29,0.591424714504858
2004-05-30,0.428424339526163
2004-05-31,0.29803320265894
2004-06-01,0.248890267598432
2004-06-02,0.222927151866371
2004-06-03,0.205734855974092
2004-06-04,0.185054849156298
2004-06-05,0.304478881881711
2004-06-06,0.217990523265724
2004-06-07,0.216925311061872
2004-06-08,0.255009510823249
2004-06-09,0.333918254644622
2004-06-10,0.231219771603886
2004-06-11,0.199566933696949
2004-06-12,0.251163865689449
2004-06-13,0.418112970853929
2004-06-14,0.186059928413158
2004-06-15,0.172481336287711
2004-06-16,0.170015885461053
2004-06-17,0.15254296914948
2004-06-18,0.141839304584967
2004-06-19,0.137535503664564
2004-06-20,0.139350945968979
2004-06-21,0.140315936594512
2004-06-22,0.13891283449804
2004-06-23,0.140321663541844
2004-06-24,0.143858053519686
2004-06-25,0.139731787966593
2004-06-26,0.133251747059826
2004-06-27,0.131934549173342
2004-06-28,0.130502812340208
2004-06-29,0.130932333390148
2004-06-30,0.135969183569115
2004-07-01,0.142606715527527
2004-07-02,0.142686892790182
2004-07-03,0.143351218680757
2004-07-04,0.139577160388614
2004-07-05,0.134869609681268
2004-07-06,0.142160013635589
2004-07-07,0.140542151014147
2004-07-08,0.135614112834498
2004-07-09,0.136501789671041
2004-07-10,0.228865996250213
2004-07-11,0.164071314129879
2004-07-12,0.142729844895176
2004-07-13,0.138050928924493
2004-07-14,0.137166115561616
2004-07-15,0.138334412817454
2004-07-16,0.138775387762059
2004-07-17,0.137847622294188
2004-07-18,0.134543173683313
2004-07-19,0.132558786432589
2004-07-20,0.134133696949037
2004-07-21,0.131462076018408
2004-07-22,0.132490063064599
2004-07-23,0.128466882563491
2004-07-24,0.12746180330663
2004-07-25,0.13473788989262
2004-07-26,0.136521833986705
2004-07-27,0.133672677688768
2004-07-28,0.128695960456792
2004-07-29,0.119120504516789
2004-07-30,0.124266166695074
2004-07-31,0.127206954150332
2004-08-01,0.12724704278166
2004-08-02,0.130434088972218
2004-08-03,0.126637122890745
2004-08-04,0.122820112493608
2004-08-05,0.121500051133458
2004-08-06,0.616050588034771
2004-08-07,0.299318902335095
2004-08-08,0.131631020964718
2004-08-09,0.126556945628089
2004-08-10,0.122714163967956
2004-08-11,0.122150059655701
2004-08-12,0.119862144196352
2004-08-13,0.118121152207261
2004-08-14,0.118264325890574
2004-08-15,0.119272268621101
2004-08-16,0.11915772967445
2004-08-17,0.118579307993864
2004-08-18,0.116062314641214
2004-08-19,0.117159025055395
2004-08-20,0.118255735469576
2004-08-21,0.21486933696949
2004-08-22,1.50799686381456
2004-08-23,0.161110482358957
2004-08-24,2.49837504687234
2004-08-25,0.815328310891427
2004-08-26,0.303067189364241
2004-08-27,0.14517525140617
2004-08-28,0.134391409579001
2004-08-29,0.130408317709221
2004-08-30,0.12818339867053
2004-08-31,0.126408044997443
2004-09-01,0.65980446565536
2004-09-02,0.138895653656042
2004-09-03,0.134233918527356
2004-09-04,0.141773444690643
2004-09-05,0.13759277313789
2004-09-06,0.134935469575592
2004-09-07,0.133031259587523
2004-09-08,0.157528276802454
2004-09-09,0.13697139935231
2004-09-10,0.59536771774331
2004-09-11,1.21477716038861
2004-09-12,1.69338387591614
2004-09-13,0.726408863132777
2004-09-14,0.157648542696438
2004-09-15,0.140293028805182
2004-09-16,0.471101551048236
2004-09-17,0.995134412817454
2004-09-18,0.44676202488495
2004-09-19,0.180899948866542
2004-09-20,0.145627680245441
2004-09-21,0.135511027782512
2004-09-22,0.30537801261292
2004-09-23,0.158496130901653
2004-09-24,0.141498551218681
2004-09-25,0.135161683995228
2004-09-26,0.134694937787626
2004-09-27,0.133128617692177
2004-09-28,0.131232998125107
2004-09-29,0.126912016362707
2004-09-30,0.124807363217999
2004-10-01,0.165210976649054
2004-10-02,0.216759229589228
2004-10-03,0.219253315152548
2004-10-04,0.224461973751491
2004-10-05,0.366118016021817
2004-10-06,0.355729333560593
2004-10-07,0.229891119822737
2004-10-08,4.04126620078405
2004-10-09,0.842070291460712
2004-10-10,0.511977637634225
2004-10-11,0.406590352820862
2004-10-12,0.363131412987898
2004-10-13,0.324153809442645
2004-10-14,0.314526810976649
2004-10-15,0.316250622123743
2004-10-16,0.663352309527868
2004-10-17,2.73963415715016
2004-10-18,0.646890199420488
2004-10-19,0.620288529060849
2004-10-20,0.48626364411113
2004-10-21,0.415206545082666
2004-10-22,0.381643770240327
2004-10-23,0.353000443156639
2004-10-24,0.340117675132095
2004-10-25,0.34034388955173
2004-10-26,0.323810192602693
2004-10-27,0.314515357081984
2004-10-28,0.324700732912903
2004-10-29,0.325814624169081
2004-10-30,0.390251372081132
2004-10-31,0.307124731549344
2004-11-01,0.781920163627067
2004-11-02,4.83835418442134
2004-11-03,0.754316277484234
2004-11-04,0.575807329129027
2004-11-05,0.528485563320266
2004-11-06,0.496019498892108
2004-11-07,0.45074511675473
2004-11-08,0.438062791886825
2004-11-09,0.41541844213397
2004-11-10,0.388799590932333
2004-11-11,0.382159195500256
2004-11-12,0.385629725583774
2004-11-13,0.373213703766831
2004-11-14,0.37190223282768
2004-11-15,0.701719993182206
2004-11-16,0.582032520879496
2004-11-17,0.494610669848304
2004-11-18,1.74639250042611
2004-11-19,0.513492415203682
2004-11-20,0.445628089313107
2004-11-21,0.407815919550026
2004-11-22,0.399202590761889
2004-11-23,0.768496199079598
2004-11-24,NA
2004-11-25,1.75778912561786
2004-11-26,0.692044315663883
2004-11-27,0.67951375490029
2004-11-28,0.546121697630817
2004-11-29,0.661811760695415
2004-11-30,0.757380194307142
2004-12-01,0.556530424407704
2004-12-02,0.518457678540992
2004-12-03,0.507911505028123
2004-12-04,0.597057167206409
2004-12-05,0.796102948696097
2004-12-06,1.37113713993523
2004-12-07,2.89601418101244
2004-12-08,4.61226575762741
2004-12-09,3.75216130901653
2004-12-10,9.04138087608659
2004-12-11,5.74052878813704
2004-12-12,1.25552725413329
2004-12-13,2.14495653656042
2004-12-14,1.8676777910346
2004-12-15,0.959839236407022
2004-12-16,0.833875029827851
2004-12-17,0.758574262825976
2004-12-18,0.717148389296063
2004-12-19,0.697928754048066
2004-12-20,0.651090915288904
2004-12-21,0.628400749957389
2004-12-22,0.606561036304755
2004-12-23,0.59275050281234
2004-12-24,0.586027066643941
2004-12-25,1.58775033236748
2004-12-26,0.877543003238452
2004-12-27,0.677463507755241
2004-12-28,0.636699096642236
2004-12-29,1.1848882222601
2004-12-30,0.781676882145844
2005-01-05,NA
2005-01-06,0.688834361683995
2005-01-07,0.946475404806545
2005-01-08,0.831068825634907
2005-01-09,0.716661598772797
2005-01-10,0.615772831089143
2005-01-11,0.585903937276291
2005-01-12,0.576125174705983
2005-01-13,0.554511675472985
2005-01-14,0.549546412135674
2005-01-15,0.683196182035112
2005-01-16,1.00640790864155
2005-01-17,17.2585452190216
2005-01-18,10.7059381626044
2005-01-19,4.10283947502983
2005-01-20,2.1619369354014
2005-01-21,1.32250390318732
2005-01-22,1.35021660132947
2005-01-23,1.05213185614454
2005-01-24,0.910942560081814
2005-01-25,0.84098217146753
2005-01-26,0.806674893471962
2005-01-27,0.833101891937958
2005-01-28,0.747790420998807
2005-01-29,0.701359195500256
2005-01-30,0.683362263507755
2005-01-31,0.674451133458326
2005-02-01,0.645372558377365
2005-02-02,0.632738912561786
2005-02-03,0.626353366286006
2005-02-04,0.945879802283961
2005-02-05,0.707406851883416
2005-02-06,3.68857501278336
2005-02-07,1.07977296744503
2005-02-08,0.835515800238623
2005-02-09,0.761629589227885
2005-02-10,0.723270495994546
2005-02-11,0.703884779273905
2005-02-12,0.79266964377024
2005-02-13,0.718889381285154
2005-02-14,0.675167001874893
2005-02-15,0.644244349752855
2005-02-16,0.634047520027271
2005-02-17,0.627739287540481
2005-02-18,0.627040599965911
2005-02-19,0.619655701380603
2005-02-20,0.593025396284302
2005-02-21,0.585600409067667
2005-02-22,0.581419737514914
2005-02-23,0.578931378898926
2005-02-24,0.573344741776035
2005-02-25,0.574828021135163
2005-02-26,0.572852224305437
2005-02-27,0.566337821714675
2005-02-28,0.680759365945117
2005-03-01,0.913717266064428
2005-03-02,0.595969047213227
2005-03-03,NA
2005-03-04,0.5440771774331
2005-03-05,0.550087608658599
2005-03-06,0.545944162263508
2005-03-07,0.537196250213056
2005-03-08,0.535661428327936
2005-03-09,0.535249088119993
2005-03-10,0.529759809101755
2005-03-11,0.532397714939217
2005-04-08,NA
2005-04-09,0.703375080961309
2005-04-10,0.743389261973751
2005-04-11,2.32853669677859
2005-04-12,1.04913093574229
2005-04-13,0.784382750980058
2005-04-14,0.72266057610363
2005-04-15,1.04269671041418
2005-04-16,6.49911736833134
2005-04-17,1.24597184250895
2005-04-18,0.947437531958412
2005-04-19,0.848037770581217
2005-04-20,0.774520947673428
2005-04-21,0.713674995738878
2005-04-22,0.670155922958923
2005-04-23,0.751137821714675
2005-04-24,0.730486449633544
2005-04-25,0.636163627066644
2005-04-26,0.611242815749105
2005-04-27,0.606612578830748
2005-04-28,0.711518800068178
2005-04-29,1.36793863985001
2005-04-30,0.82541060167036
2005-05-01,0.633251474348048
2005-05-02,0.602867155275269
2005-05-03,0.582997511505028
2005-05-04,0.574037702403273
2005-05-05,0.552664734958241
2005-05-06,0.539976683143003
2005-05-07,0.524539696608147
2005-05-08,0.608287710925516
2005-05-09,1.98211078915971
2005-05-10,2.0361874893472
2005-05-11,0.66556863814556
2005-05-12,0.611028055224135
2005-05-13,0.57758554627578
2005-05-14,0.697482052156127
2005-05-15,1.20558827339356
2005-05-16,0.632907857508096
2005-05-17,0.575180228396114
2005-05-18,1.98811549343787
2005-05-19,1.74610615305949
2005-05-20,1.32161049940344
2005-05-21,1.35024237259247
2005-05-22,0.982417726265553
2005-05-23,0.707532844724732
2005-05-24,0.632624373615136
2005-05-25,0.58795418442134
2005-05-26,0.543249633543549
2005-05-27,0.48326272370888
2005-05-28,0.445765536049088
2005-05-29,0.439855326401909
2005-05-30,0.439795193454917
2005-05-31,0.61754818476223
2005-06-01,5.50255980910176
2005-06-02,1.21836222941878
2005-06-03,0.676813499232998
2005-06-04,0.594817930799386
2005-06-05,0.556607738196693
2005-06-06,0.538447588205216
2005-06-07,0.537038759161411
2005-06-08,0.554099335265042
2005-06-09,0.510142151014147
2005-06-10,0.487274450315323
2005-06-11,0.893274927560934
2005-06-12,0.977787489347196
2005-06-13,0.621817623998636
2005-06-14,0.5385592636782
2005-06-15,0.529161343105505
2005-06-16,0.67687363217999
2005-06-17,1.49008583603204
2005-06-18,0.548232077722857
2005-06-19,0.509532231123232
2005-06-20,0.470179512527697
2005-06-21,0.512796591102778
2005-06-22,0.524754457133117
2005-06-23,0.498905880347708
2005-06-24,0.451143139594341
2005-06-25,0.478074109425601
2005-06-26,0.482532537923982
2005-06-27,0.498519311402761
2005-06-28,0.400640054542356
2005-06-29,0.366467359809102
2005-06-30,0.337835486620078
2005-07-01,0.340970990284643
2005-07-02,0.348066678029657
2005-07-03,0.325362195329811
2005-07-04,0.301772899267087
2005-07-05,0.406472950400545
2005-07-06,0.780517061530595
2005-07-07,0.33580814726436
2005-07-08,0.80633127663201
2005-07-09,0.446650349411965
2005-07-10,0.376835997954662
2005-07-11,0.362172149309698
2005-07-12,0.337302880518152
2005-07-13,0.320422703255497
2005-07-14,0.30081936253622
2005-07-15,0.301180160218169
2005-07-16,0.333660542014658
2005-07-17,0.290081336287711
2005-07-18,0.262643531617522
2005-07-19,0.24184612237941
2005-07-20,0.254001568092722
2005-07-21,0.236820726095108
2005-07-22,0.719336083177092
2005-07-23,0.328231395943412
2005-07-24,0.308576512698142
2005-07-25,0.292804499744333
2005-07-26,0.279540889722175
2005-07-27,0.272273393557184
2005-07-28,0.268674007158684
2005-07-29,0.265564274757116
2005-07-30,0.25372667462076
2005-07-31,0.255590795977501
2005-08-01,0.25423350945969
2005-08-02,0.252773137889893
2005-08-03,0.255418987557525
2005-08-04,0.250677075166184
2005-08-05,0.247945321288563
2005-08-06,0.253090983466848
2005-08-07,0.256544332708369
2005-08-08,0.242576308164309
2005-08-09,0.232113175387762
2005-08-10,0.240712186807568
2005-08-11,0.247996863814556
2005-08-12,0.253718084199761
2005-08-13,0.245814896880859
2005-08-14,0.231065144025908
2005-08-15,0.22154695755923
2005-08-16,0.229398602352139
2005-08-17,0.283097324015681
2005-08-18,0.2390370547128
2005-08-19,0.22665825805352
2005-08-20,0.220284165672405
2005-08-21,0.217561002215783
2005-08-22,0.220696505880348
2005-08-23,0.214167785921255
2005-08-24,0.202690983466848
2005-08-25,0.1965574228737
2005-08-26,0.188198943241861
2005-08-27,0.192837770581217
2005-08-28,0.398930560763593
2005-08-29,0.360299437531958
2005-08-30,0.245488460882904
2005-08-31,0.225378285324697
2005-09-01,0.21045672404977
2005-09-02,0.207604704278166
2005-09-03,0.199710107380263
2005-09-04,0.204254440088631
2005-09-05,0.215482120334072
2005-09-06,0.204065450826658
2005-09-07,0.197029896028635
2005-09-08,0.195148593829896
2005-09-09,0.192691733424237
2005-09-10,0.789811897051304
2005-09-11,0.288174262825976
2005-09-12,0.25163920231805
2005-09-13,0.241854712800409
2005-09-14,0.234166286006477
2005-09-15,0.230343548662008
2005-09-16,0.380684506562127
2005-09-17,0.250539628430203
2005-09-18,0.254731753877621
2005-09-19,0.260272575421851
2005-09-20,0.255049599454576
2005-09-21,0.25653574228737
2005-09-22,0.227130731208454
2005-09-23,0.23371099369354
2005-09-24,0.234329504005454
2005-09-25,0.2289604908812
2005-09-26,0.228178762570309
2005-09-27,0.222354457133117
2005-09-28,0.227242406681439
2005-09-29,0.333188068859724
2005-09-30,0.418370683483893
2005-10-01,0.411008692687916
2005-10-02,0.765483824782683
2005-10-03,0.355720743139594
2005-10-04,0.244105403102096
2005-10-05,0.228264666780297
2005-10-06,0.418061428327936
2005-10-07,0.304255530935742
2005-10-08,0.257437736492245
2005-10-09,0.243409579001193
2005-10-10,0.262686483722516
2005-10-11,0.569081029486961
2005-10-12,0.271070734617351
2005-10-13,0.353865212203852
2005-10-14,0.626791477756946
2005-10-15,0.778635759331856
2005-10-16,0.303568297255838
2005-10-17,0.270005522413499
2005-10-18,0.266509221066985
2005-10-19,0.366561854440089
2005-10-20,0.293611999318221
2005-10-21,0.270477995568434
2005-10-22,0.260203852053861
2005-10-23,0.417460098858019
2005-10-24,0.308052497017215
2005-10-25,0.281069984659963
2005-10-26,0.276903630475541
2005-10-27,0.273106664394068
2005-10-28,0.711956911539117
2005-10-29,0.467593795807056
2005-10-30,0.432982989602863
2005-10-31,2.91030577808079
2005-11-01,3.86294051474348
2005-11-02,1.01538776205897
2005-11-03,1.85661332878814
2005-11-04,2.10270311914096
2005-11-05,4.36295455940003
2005-11-06,1.70769838077382
2005-11-07,1.15911409579001
2005-11-08,0.673016533151525
2005-11-09,0.589964342935061
2005-11-10,0.557071620930629
2005-11-11,1.76180085222431
2005-11-12,0.719576614965059
2005-11-13,4.38880313618544
2005-11-14,0.959678881881711
2005-11-15,0.686924424748594
2005-11-16,0.612136219532981
2005-11-17,0.564974808249531
2005-11-18,0.542046974603716
2005-11-19,0.528078950059656
2005-11-20,0.515296403613431
2005-11-21,0.517194886654167
2005-11-22,0.505537685358786
2005-11-23,0.502453724220215
2005-11-24,0.504652871995909
2005-11-25,4.01435527526845
2005-11-26,1.06584789500597
2005-11-27,1.02738858019431
2005-11-28,0.689922481677178
2005-11-29,1.48833339014829
2005-11-30,0.75276141128345
2005-12-01,0.879143685017897
2005-12-02,1.34836107039373
2005-12-03,0.796271893642407
2005-12-04,0.664589330151696
2005-12-05,0.634771978864837
2005-12-06,0.609327151866371
2005-12-07,0.587971365263337
2005-12-08,0.567998636441111
2005-12-09,0.554855292312937
2005-12-10,0.549950161922618
2005-12-11,0.545027850690302
2005-12-12,0.543198091017556
2005-12-13,0.533353468552923
2005-12-14,0.527563524799727
2005-12-15,0.524866132606102
2005-12-16,0.512298346684848
2005-12-17,0.505898483040736
2005-12-18,0.501775080961309
2005-12-19,0.700213806033748
2005-12-20,1.55600872677689
2005-12-21,2.26720109084711
2005-12-22,2.66122652122039
2005-12-23,4.46034416226351
2005-12-24,10.9846744162263
2005-12-25,8.53890424407704
2005-12-26,5.27158056928584
2005-12-27,5.09423991818647
2005-12-28,3.95266746207602
2005-12-29,2.23612094767343
2005-12-30,6.71192786773479
2005-12-31,5.21306262144196
2006-01-01,2.50050833475371
2006-01-02,2.25957279700017
2006-01-03,1.57725283790694
2006-01-04,1.19677450144878
2006-01-05,10.4727196863815
2006-01-06,5.86257576274075
2006-01-07,4.78502771433441
2006-01-08,2.08714586671212
2006-01-09,9.86887322311232
2006-01-10,15.7922004431566
2006-01-11,11.1360977671723
2006-01-12,6.350417180842
2006-01-13,6.36414467359809
2006-01-14,6.45484233850349
2006-01-15,3.31674436679734
2006-01-16,6.08024844042952
2006-01-17,5.61843599795466
2006-01-18,2.35362072609511
2006-01-19,1.87355363899778
2006-01-20,4.12041261291972
2006-01-21,1.64370833475371
2006-01-22,1.15892510652804
2006-01-23,1.04372756093404
2006-01-24,0.972444247485938
2006-01-25,1.13494065109937
2006-01-26,1.1419504346344
2006-01-27,1.06964486108744
2006-01-28,4.42561309016533
2006-01-29,9.23228007499574
2006-01-30,17.8829199250043
2006-01-31,4.67418551218681
2006-02-01,2.93551007329129
2006-02-02,5.02154777569456
2006-02-03,2.37051808419976
2006-02-04,5.07911218680757
2006-02-05,1.80464128174536
2006-02-06,1.40226596216124
2006-02-07,1.18686974603716
2006-02-08,1.81645311061871
2006-02-09,1.09833686722345
2006-02-10,1.02054201465826
2006-02-11,0.96667148457474
2006-02-12,0.931734242372592
2006-02-13,1.85966292824271
2006-02-14,1.27206954150332
2006-02-15,1.00172040224987
2006-02-16,0.949258701210158
2006-02-17,0.8920808590421
2006-02-18,0.861662178285325
2006-02-19,0.849927663200955
2006-02-20,0.855545798534174
2006-02-21,0.886419771603886
2006-02-22,0.865983160047724
2006-02-23,1.89667905232657
2006-02-24,1.05112391341401
2006-02-25,0.932722140787455
2006-02-26,0.925016533151526
2006-02-27,1.10767465484916
2006-02-28,3.53778448951764
2006-03-01,1.15940617010397
2006-03-02,1.03920040906767
2006-03-03,0.93858939832964
2006-03-04,0.890972694733254
2006-03-05,0.88977862621442
2006-03-06,0.879796557013806
2006-03-07,0.872597784216806
2006-03-08,2.4962732572013
2006-03-09,1.23646224646327
2006-03-10,1.14036120674962
2006-03-11,0.995320538605761
2006-03-12,0.91324765638316
2006-03-13,0.885277245611045
2006-03-14,0.883670836884268
2006-03-15,0.974368501789671
2006-03-16,0.986635622975968
2006-03-17,0.904579921595364
2006-03-18,1.13898673938981
2006-03-19,0.870312732231123
2006-03-20,0.835719106868928
2006-03-21,0.822395363899778
2006-03-22,0.916280074995739
2006-03-23,0.846835111641384
2006-03-24,1.79623125958752
2006-03-25,1.0454198738708
2006-03-26,0.880913311743651
2006-03-27,0.897690403954321
2006-03-28,1.022397545594
2006-03-29,0.844739048917675
2006-03-30,0.814303187318902
2006-03-31,0.846835111641384
2006-04-01,1.10093117436509
2006-04-02,0.843124049769899
2006-04-03,0.992502880518152
2006-04-04,0.853784762229419
2006-04-05,0.805815851372081
2006-04-06,0.770431907277996
2006-04-07,0.767073052667462
2006-04-08,1.5083920231805
2006-04-09,0.894219873870803
2006-04-10,0.804071995909323
2006-04-11,0.765878984148628
2006-04-12,0.813444145219022
2006-04-13,1.43024496335435
2006-04-14,2.15265641724902
2006-04-15,1.64043538435316
2006-04-16,1.17187087097324
2006-04-17,0.88235650247145
2006-04-18,0.808410158513721
2006-04-19,0.775397170615306
2006-04-20,0.747727424578149
2006-04-21,1.16623555479802
2006-04-22,0.763911777739901
2006-04-23,0.715006510993694
2006-04-24,0.691296949036986
2006-04-25,0.679184455428669
2006-04-26,0.673978660303392
2006-04-27,0.667913823078234
2006-04-28,0.665809169933527
2006-04-29,1.88434320777229
2006-04-30,0.851241997613772
2006-05-01,0.721964752002727
2006-05-02,0.6976796318391
2006-05-03,0.676289483552071
2006-05-04,0.660483108914266
2006-05-05,0.641979342082836
2006-05-06,0.630614215101415
2006-05-07,0.667501482870291
2006-05-08,0.63496955854781
2006-05-09,0.623363899778422
2006-05-10,0.615117095619567
2006-05-11,0.605959706834839
2006-05-12,0.606578217146753
2006-05-13,0.594302505539458
2006-05-14,0.587636338844384
2006-05-15,0.584689824441793
2006-05-16,0.567551934549173
2006-05-17,0.555087233679905
2006-05-18,0.550345321288563
2006-05-19,0.564691324356571
2006-05-20,0.577052940173854
2006-05-21,0.579965092892449
2006-05-22,0.718691801602182
2006-05-23,0.786607670018749
2006-05-24,0.870776614965059
2006-05-25,0.962307550707346
2006-05-26,0.643190591443668
2006-05-27,0.889211658428498
2006-05-28,1.4162082154423
2006-05-29,0.684897085392875
2006-05-30,0.617754354866201
2006-05-31,0.600968672234532
2006-06-01,1.70413335605931
2006-06-02,1.46650513039032
2006-06-03,0.646764206579172
2006-06-04,1.95402870291461
2006-06-05,0.691554661666951
2006-06-06,0.625554457133117
2006-06-07,0.604456383160048
2006-06-08,0.596939764786092
2006-06-09,0.639007056417249
2006-06-10,0.577989296062724
2006-06-11,0.568342253281064
2006-06-12,0.613931617521732
2006-06-13,0.604413431055054
2006-06-14,0.556813908300665
2006-06-15,0.537528413158343
2006-06-16,0.568557013806034
2006-06-17,0.526369456280893
2006-06-18,0.519514300323845
2006-06-19,0.5047215953639
2006-06-20,0.501182341912391
2006-06-21,0.507839918186467
2006-06-22,0.51803674791205
2006-06-23,0.511516618373956
2006-06-24,0.444949446054202
2006-06-25,0.417090710755071
2006-06-26,0.397306971194818
2006-06-27,0.383622430543719
2006-06-28,0.380744639509119
2006-06-29,0.376071450485768
2006-06-30,0.36014480995398
2006-07-01,0.353710584625873
2006-07-02,0.348135401397648
2006-07-03,0.343814419635248
2006-07-04,0.398921970342594
2006-07-05,0.375616158172831
2006-07-06,0.366475950230101
2006-07-07,0.348290028975626
2006-07-08,0.330834293506051
2006-07-09,0.32320599965911
2006-07-10,0.32867809783535
2006-07-11,0.325834668484745
2006-07-12,0.325052940173854
2006-07-13,NA
2006-07-14,0.185948252940174
2006-07-15,0.1749611044827
2006-07-16,0.170975149139253
2006-07-17,0.165485870121016
2006-07-18,0.166551082324868
2006-07-19,0.163561615817283
2006-07-20,0.159257814896881
2006-07-21,0.156276938810295
2006-07-22,0.154163695244588
2006-07-23,0.15040968126811
2006-07-24,0.147497528549514
2006-07-25,0.150315186637123
2006-07-26,0.150298005795125
2006-07-27,0.14853696949037
2006-07-28,0.148158990966422
2006-07-29,0.148622873700358
2006-07-30,0.151741196522925
2006-07-31,0.163862280552241
2006-08-01,0.14925856485427
2006-08-02,0.149018033066303
2006-08-03,0.148055905914437
2006-08-04,0.148201943071416
2006-08-05,0.14723981591955
2006-08-06,0.145324152036816
2006-08-07,0.145899710243736
2006-08-08,0.143777876257031
2006-08-09,0.147944230441452
2006-08-10,0.14666425771263
2006-08-11,0.147437395602523
2006-08-12,0.147076597920573
2006-08-13,0.146105880347708
2006-08-14,0.145435827509801
2006-08-15,0.146552582239645
2006-08-16,0.145959843190728
2006-08-17,0.145427237088802
2006-08-18,0.145616226350776
2006-08-19,0.144250349411965
2006-08-20,0.142180057951253
2006-08-21,0.142171467530254
2006-08-22,0.14349439236407
2006-08-23,0.148012953809443
2006-08-24,0.145178114879836
2006-08-25,0.144602556672916
2006-08-26,0.141020351116414
2006-08-27,0.142394818476223
2006-08-28,0.141097664905403
2006-08-29,0.139929367649565
2006-08-30,0.142867291631157
2006-08-31,0.142317504687234
2006-09-01,0.138872745866712
2006-09-02,0.137137480824953
2006-09-03,0.138194102607806
2006-09-04,0.135075779785239
2006-09-05,0.136192534515084
2006-09-06,0.138657985341742
2006-09-07,0.139113277654679
2006-09-08,0.139379580705642
2006-09-09,0.139044554286688
2006-09-10,0.142515084370206
2006-09-11,0.14162168058633
2006-09-12,0.143056280893131
2006-09-13,0.144765774671894
2006-09-14,0.779735333219703
2006-09-15,0.178139560252258
2006-09-16,0.22061060167036
2006-09-17,0.159988000681779
2006-09-18,0.51581182887336
2006-09-19,0.366484540651099
2006-09-20,0.790112561786262
2006-09-21,0.595685563320266
2006-09-22,0.292426521220385
2006-09-23,0.217792943582751
2006-09-24,0.206058428498381
2006-09-25,0.182039611385717
2006-09-26,0.172212169763082
2006-09-27,0.168131719788648
2006-09-28,0.166181694221919
2006-09-29,0.161302335094597
2006-09-30,0.166155922958923
2006-10-01,0.166602624850861
2006-10-02,0.168243395261633
2006-10-03,0.168148900630646
2006-10-04,0.166765842849838
2006-10-05,0.160572149309698
2006-10-06,0.187717879665928
2006-10-07,0.173913073120845
2006-10-08,0.171043872507244
2006-10-09,0.166765842849838
2006-10-10,0.166018476222942
2006-10-11,0.164721322652122
2006-10-12,0.162599488665417
2006-10-13,0.15991068689279
2006-10-14,0.158381591955003
2006-10-15,0.545551866371229
2006-10-16,0.194134924152037
2006-10-17,0.160804090676666
2006-10-18,0.362996829725584
2006-10-19,0.598193966251917
2006-10-20,0.212097494460542
2006-10-21,0.176490199420487
2006-10-22,0.164549514232146
2006-10-23,0.158570581216976
2006-10-24,0.202553536730868
2006-10-25,0.157926299642066
2006-10-26,0.151096914948014
2006-10-27,0.147411624339526
2006-10-28,0.149086756434294
2006-10-29,0.781831395943412
2006-10-30,0.234664530424408
2006-10-31,0.187142321459008
2006-11-01,0.175124322481677
2006-11-02,1.49293785580365
2006-11-03,3.18293996931993
2006-11-04,7.65493274245781
2006-11-05,2.81461707857508
2006-11-06,22.6073594000341
2006-11-07,4.73033250383501
2006-11-08,1.43755541162434
2006-11-09,3.02421476052497
2006-11-10,4.53206558718255
2006-11-11,2.15433154934379
2006-11-12,6.37444458837566
2006-11-13,5.79085433782171
2006-11-14,1.25457944434975
2006-11-15,3.32487949548321
2006-11-16,1.42643940685188
2006-11-17,0.919827918868246
2006-11-18,0.785293335605931
2006-11-19,2.54838275098006
2006-11-20,2.78473100392023
2006-11-21,4.81671777739901
2006-11-22,4.66827530253963
2006-11-23,5.92411753877621
2006-11-24,1.91674627577979
2006-11-25,1.1080869950571
2006-11-26,2.87676018408045
2006-11-27,1.64991061871485
2006-11-28,0.981455599113687
2006-11-29,0.879470121015851
2006-11-30,1.98399209135845
2006-12-01,0.948030271007329
2006-12-02,0.822206374637805
2006-12-03,0.75938462587353
2006-12-04,0.721595363899778
2006-12-05,0.67406456451338
2006-12-06,0.646386228055224
2006-12-07,0.629875438895517
2006-12-08,0.628208897221749
2006-12-09,0.900877450144878
2006-12-10,0.981060439747742
2006-12-11,4.40554586671212
2006-12-12,2.80412817453554
2006-12-13,4.17512500426112
2006-12-14,15.0523332537924
2006-12-15,5.06945655360491
2006-12-16,1.91129135844554
2006-12-17,1.34182376001364
2006-12-18,1.07409469916482
2006-12-19,0.991540753366286
2006-12-20,1.02396959263678
2006-12-21,4.20812081131754
2006-12-22,1.45322433952616
2006-12-23,3.20134065109937
2006-12-24,4.40733267427987
2006-12-25,3.85429855121868
2006-12-26,6.73539689790353
2006-12-27,9.29438881881711
2006-12-28,1.99472152718596
2006-12-29,1.30842420317027
2006-12-30,1.05371822055565
2006-12-31,0.939061871484575
2007-01-01,1.35057739901142
2007-01-02,13.9183375490029
2007-01-03,11.3709512868587
2007-01-04,2.79440381796489
2007-01-05,7.54962277143344
2007-01-06,5.54595002556673
2007-01-07,8.88845706493949
2007-01-08,2.31906146241691
2007-01-09,2.32443906596216
2007-01-10,1.58860078404636
2007-01-11,1.46985539457985
2007-01-12,1.10071641384012
2007-01-13,1.02931283449804
2007-01-14,0.93988655190046
2007-01-15,0.904262076018408
2007-01-16,0.917852122038521
2007-01-17,1.13570519856826
2007-01-18,2.4350407363218
2007-01-19,1.70037934208284
2007-01-20,1.38581530594853
2007-01-21,1.0375080961309
2007-01-22,0.965700767001875
2007-01-23,0.922344912220897
2007-01-24,0.909837259246634
2007-01-25,0.913848985853077
2007-01-26,0.88084458837566
2007-01-27,0.860425157661497
2007-01-28,0.843330219873871
2007-01-29,0.831114641213567
2007-01-30,0.825496505880348
2007-01-31,0.812645236066133
2007-02-01,0.796667053008352
2007-02-02,0.78832575421851
2007-02-03,0.893077347877962
2007-02-04,1.07039222771433
2007-02-05,0.849352104994034
2007-02-06,0.834439134140106
2007-02-07,0.826304005454236
2007-02-08,0.894400272711778
2007-02-09,0.854334549173342
2007-02-10,0.975571160729504
2007-02-11,1.32820794273053
2007-02-12,0.933907618885291
2007-02-13,0.823074007158684
2007-02-14,0.873456826316687
2007-02-15,1.03452722004432
2007-02-16,0.842170513039032
2007-02-17,1.24445133799216
2007-02-18,1.09483197545594
2007-02-19,2.95742423725925
2007-02-20,5.35281159025056
2007-02-21,1.22098230782342
2007-02-22,1.33548402931652
2007-02-23,1.04493021987387
2007-02-24,1.79587046190557
2007-02-25,1.36500071586842
2007-02-26,1.34253676495654
2007-02-27,1.23126504175899
2007-02-28,1.31351832282257
2007-03-01,1.12691719788648
2007-03-02,1.28364083858872
2007-03-03,1.27232725413329
2007-03-04,1.0734847792739
2007-03-05,1.08238445542867
2007-03-06,1.05040231805011
2007-03-07,1.16725781489688
2007-03-08,1.62482658939833
2007-03-09,1.18623405488325
2007-03-10,1.26686374637805
2007-03-11,3.384015953639
2007-03-12,2.67949834668485
2007-03-13,1.32103494119652
2007-03-14,1.09955670700528
2007-03-15,1.01223507755241
2007-03-16,0.970528583603204
2007-03-17,0.995887506391682
2007-03-18,0.928504244077041
2007-03-19,1.5062272370888
2007-03-20,1.51337446735981
2007-03-21,1.15542021476053
2007-03-22,1.35945130390319
2007-03-23,1.28899267087097
2007-03-24,5.320838043293
2007-03-25,3.36333021987387
2007-03-26,1.88367315493438
2007-03-27,2.79381966933697
2007-03-28,1.66725467871144
2007-03-29,1.30135428668826
2007-03-30,1.25307612067496
2007-03-31,2.28440770410772
2007-04-01,1.15046354184421
2007-04-02,1.02829916482018
2007-04-03,0.985020623828191
2007-04-04,0.948932265212204
2007-04-05,0.936553468552923
2007-04-06,0.924964990625533
2007-04-07,0.923985682631669
2007-04-08,0.966121697630817
2007-04-09,1.05946521220385
2007-04-10,0.861309971024374
2007-04-11,0.899356945628089
2007-04-12,0.903102369183569
2007-04-13,0.920369115391171
2007-04-14,0.908316754729845
2007-04-15,0.880372115220726
2007-04-16,0.882304959945458
2007-04-17,0.882158922788478
2007-04-18,0.866266643940685
2007-04-19,0.870905471280041
2007-04-20,0.88092190216465
2007-04-21,0.88912575421851
2007-04-22,0.879762195329811
2007-04-23,1.1318137378558
2007-04-24,0.835805011078916
2007-04-25,0.750321731719789
2007-04-26,0.742994102607806
2007-04-27,0.754015612749276
2007-04-28,1.03923477075166
2007-04-29,0.806022021476053
2007-04-30,0.836938946650759
2007-05-01,0.819328583603204
2007-05-02,0.959661701039714
2007-05-03,0.801280109084711
2007-05-04,0.776247622294188
2007-05-05,0.73461844213397
2007-05-06,0.726440361343106
2007-05-07,0.752383432759502
2007-05-08,0.731165092892449
2007-05-09,0.692233304925857
2007-05-10,0.692886176921766
2007-05-11,0.710384864496336
2007-05-12,0.699268859723879
2007-05-13,0.707068961990796
2007-05-14,0.695970138060337
2007-05-15,0.706716754729845
2007-05-16,0.695497664905403
2007-05-17,0.691107959775013
2007-05-18,0.680086449633544
2007-05-19,0.69012006136015
2007-05-20,1.01573137889893
2007-05-21,1.40357170615306
2007-05-22,1.16615824100903
2007-05-23,0.841199795466167
2007-05-24,0.79466548491563
2007-05-25,0.766274143514573
2007-05-26,0.752220214760525
2007-05-27,0.81230161922618
2007-05-28,0.77061230611897
2007-05-29,0.730812885631498
2007-05-30,0.692241895346855
2007-05-31,0.675499164820181
2007-06-01,0.677268791545935
2007-06-02,0.670688529060849
2007-06-03,0.686597988750639
2007-06-04,0.698770615305949
2007-06-05,0.735236952445884
2007-06-06,0.708598056928584
2007-06-07,0.694715936594512
2007-06-08,0.689432827680245
2007-06-09,0.8481580364752
2007-06-10,0.779228498380774
2007-06-11,0.702095108232487
2007-06-12,0.715152548150673
2007-06-13,0.69018878472814
2007-06-14,0.691967634853283
2007-06-15,0.795206681438555
2007-06-16,0.756463882733936
2007-06-17,0.779597886483723
2007-06-18,0.761807124595193
2007-06-19,0.754874654849156
2007-06-20,0.732651235725243
2007-06-21,0.708606647349582
2007-06-22,0.701459417078575
2007-06-23,0.699801465825805
2007-06-24,0.856464973581047
2007-06-25,0.767743105505369
2007-06-26,0.744488835861599
2007-06-27,0.724876904721323
2007-06-28,1.63054780978354
2007-06-29,0.988869132435657
2007-06-30,0.588864769047213
2007-07-01,0.526704482699847
2007-07-02,0.467679700017044
2007-07-03,0.430551900460201
2007-07-04,0.42890253962843
2007-07-05,0.423980228396114
2007-07-06,0.371578660303392
2007-07-07,0.36583166865519
2007-07-08,0.363160047724561
2007-07-09,0.384163627066644
2007-07-10,NA
2007-07-11,NA
2007-07-12,NA
2007-07-13,NA
2007-07-14,NA
2007-07-15,NA
2007-07-16,NA
2007-07-17,NA
2007-07-18,NA
2007-07-19,NA
2007-07-20,NA
2007-07-21,NA
2007-07-22,NA
2007-07-23,NA
2007-07-24,NA
2007-07-25,NA
2007-07-26,NA
2007-07-27,NA
2007-07-28,NA
2007-07-29,NA
2007-07-30,NA
2007-07-31,NA
2007-08-01,NA
2007-08-02,NA
2007-08-03,NA
2007-08-04,NA
2007-08-05,NA
2007-08-06,NA
2007-08-07,NA
2007-08-08,NA
2007-08-09,NA
2007-08-10,NA
2007-08-11,NA
2007-08-12,NA
2007-08-13,NA
2007-08-14,NA
2007-08-15,NA
2007-08-16,NA
2007-08-17,NA
2007-08-18,NA
2007-08-19,NA
2007-08-20,NA
2007-08-21,NA
2007-08-22,NA
2007-08-23,NA
2007-08-24,0.211289994886654
2007-08-25,0.212320845406511
2007-08-26,0.786083654337822
2007-08-27,0.26603674791205
2007-08-28,0.236786364411113
2007-08-29,0.216753502641895
2007-08-30,0.206505130390319
2007-08-31,0.204898721663542
2007-09-01,0.203214999147776
2007-09-02,0.19361090847111
2007-09-03,0.245574365092892
2007-09-04,1.76716986534856
2007-09-05,0.364938264871314
2007-09-06,0.26935265041759
2007-09-07,0.244234259417079
2007-09-08,0.230403681609
2007-09-09,0.218720709050622
2007-09-10,0.205792125447418
2007-09-11,0.198120879495483
2007-09-12,0.198730799386398
2007-09-13,0.203163456621783
2007-09-14,0.220937037668314
2007-09-15,0.208051406170104
2007-09-16,0.257411965229248
2007-09-17,0.551006783705471
2007-09-18,0.252661462416908
2007-09-19,0.23004288392705
2007-09-20,0.240534712365231
2007-09-21,0.232388068859724
2007-09-22,0.274206238281916
2007-09-23,0.201118936424067
2007-09-24,0.195157184250895
2007-09-25,0.213686722345321
2007-09-26,0.217853076529743
2007-09-27,0.357361513550366
2007-09-28,0.588572694733254
2007-09-29,0.253649360831771
2007-09-30,2.46372415203682
2007-10-01,0.795765058803477
2007-10-02,1.60536928583603
2007-10-03,1.01072316345662
2007-10-04,0.582851474348048
2007-10-05,0.410982921424919
2007-10-06,0.334175967274587
2007-10-07,1.00559468212033
2007-10-08,0.567165365604227
2007-10-09,0.392985989432419
2007-10-10,0.3823218408045
2007-11-06,NA
2007-11-07,0.331358309186978
2007-11-08,0.329683177092211
2007-11-09,0.447328992670871
2007-11-10,0.791727560934038
2007-11-11,0.449725720129538
2007-11-12,1.52360565876939
2007-11-13,0.604464973581047
2007-11-14,0.524256212715187
2007-11-15,2.77812497017215
2007-11-16,2.32422430543719
2007-11-17,2.31389861939663
2007-11-18,0.832480518152378
2007-11-19,0.879289722174876
2007-11-20,1.14027530253963
2007-11-21,0.629274109425601
2007-11-22,0.568462519175047
2007-11-23,0.53632575421851
2007-11-24,0.518079700017045
2007-11-25,0.498613806033748
2007-11-26,0.947368808590421
2007-11-27,0.674940787455258
2007-11-28,0.702455905914437
2007-11-29,0.6350382819158
2007-11-30,0.543704925856485
2007-12-01,0.8150419635248
2007-12-02,6.98644336117266
2007-12-03,34.1959232316346
2007-12-04,4.53687622294188
2007-12-05,1.48235445713312
2007-12-06,1.13178796659281
2007-12-07,0.933512459519345
2007-12-08,0.874719618203511
2007-12-09,0.823563661155616
2007-12-10,0.781762672575422
2007-12-11,0.75808747230271
2007-12-12,0.743303357763763
2007-12-13,0.854463405488325
2007-12-14,0.764573240156809
2007-12-15,0.884469746037157
2007-12-16,0.764745048576785
2007-12-17,1.11678909152889
2007-12-18,1.8468288392705
2007-12-19,3.75198663712289
2007-12-20,2.27105818987558
2007-12-21,1.30476468382478
2007-12-22,2.5840587693881
2007-12-23,3.13208467700699
2007-12-24,1.80313795807056
2007-12-25,1.67129217658088
2007-12-26,1.49778285324697
2007-12-27,2.01371494801432
2007-12-28,1.70724308846088
2007-12-29,1.5653121527186
2007-12-30,1.26157204704278
2007-12-31,1.1138425771263
2008-01-01,1.0699369354014
2008-01-02,1.72257412647009
2008-01-03,1.22343765227243
2008-01-04,1.07331297085393
2008-01-05,1.07192132265212
2008-01-06,1.03530035793421
2008-01-07,0.928624509971024
2008-01-08,1.33445317879666
2008-01-09,1.02431320947673
2008-01-10,3.26224673598091
2008-01-11,3.05252019771604
2008-01-12,2.61297412647009
2008-01-13,1.67214262825976
2008-01-14,1.96251603886143
2008-01-15,1.25551580023862
2008-01-16,1.09325133799216
2008-01-17,1.02553304925856
2008-01-18,0.97156802454406
2008-01-19,1.05510986875746
2008-01-20,1.15940617010397
2008-01-21,0.935110277825123
2008-01-22,0.89165133799216
2008-01-23,0.871060098858019
2008-01-24,0.863912868587012
2008-01-25,0.828520334071928
2008-01-26,0.995354900289756
2008-01-27,0.901049258564854
2008-01-28,0.950787796147946
2008-01-29,1.06640627237089
2008-01-30,0.938718254644623
2008-01-31,1.2794229418783
2008-02-01,1.02842802113516
2008-02-02,0.938812749275609
2008-02-03,0.886746207601841
2008-02-04,0.852023725924663
2008-02-05,1.09574256008181
2008-02-06,1.21471989091529
2008-02-07,1.24611787966593
2008-02-08,1.57603299812511
2008-02-09,1.84053206067837
2008-02-10,2.23642161240839
2008-02-11,1.16908757456963
2008-02-12,1.09132708368843
2008-02-13,1.02502621441964
2008-02-14,0.981266609851713
2008-02-15,0.973062757797852
2008-02-16,0.957788989261974
2008-02-17,0.937747537071757
2008-02-18,0.925334378728481
2008-02-19,0.896582239645475
2008-02-20,0.871592704959945
2008-02-21,0.856026862110107
2008-02-22,0.848682052156128
2008-02-23,0.834361820351117
2008-02-24,0.828511743650929
2008-02-25,0.804810772115221
2008-02-26,0.800953673086756
2008-02-27,0.85413696949037
2008-02-28,0.825943207772286
2008-02-29,1.06526374637805
2008-03-01,0.893266337139935
2008-03-02,0.790207056417249
2008-03-03,0.805815851372081
2008-03-04,0.765707175728652
2008-03-05,0.74426548491563
2008-03-06,0.737470461905574
2008-03-07,0.757589227884779
2008-03-08,0.766420180671553
2008-03-09,0.74253881029487
2008-03-10,0.966035793420828
2008-03-11,0.888747775694563
2008-03-12,0.749265109936936
2008-03-13,1.25159856826317
2008-03-14,1.36740603374808
2008-03-15,1.11665164479291
2008-03-16,1.03786889381285
2008-03-17,0.876368979035282
2008-03-18,0.810557763763423
2008-03-19,0.793935299130731
2008-03-20,0.832952991307312
2008-03-21,0.799656519515937
2008-03-22,0.768645099710244
2008-03-23,2.76946582580535
2008-03-24,1.02070523265724
2008-03-25,0.957282154423044
2008-03-26,1.40701646497358
2008-03-27,1.01583446395091
2008-03-28,1.86187066643941
2008-03-29,3.55759400034089
2008-03-30,2.84428839270496
2008-03-31,1.73219826146242
2008-04-01,1.40295319584115
2008-04-02,1.24842870291461
2008-04-03,1.16588334753707
2008-04-04,1.19138830748253
2008-04-05,1.1296489517641
2008-04-06,1.21871443667973
2008-04-07,1.09112091358446
2008-04-08,1.1822051474348
2008-04-09,1.10110298278507
2008-04-10,1.05542771433441
2008-04-11,1.03272323163457
2008-04-12,1.02895203681609
2008-04-13,1.04115902505539
2008-04-14,1.2348300664735
2008-04-15,1.06585648542696
2008-04-16,1.02032725413329
2008-04-17,1.01022491903869
2008-04-18,1.02273257201295
2008-04-19,1.15197545594
2008-04-20,1.2009408556332
2008-04-21,1.12875554798023
2008-04-22,1.051218408045
2008-04-23,1.13348027952957
2008-04-24,0.993172933356059
2008-04-25,0.963785103119141
2008-04-26,0.96134542355548
2008-04-27,0.958209919890915
2008-04-28,1.41019492074314
2008-04-29,1.10973635588887
2008-04-30,1.02446151223925
2008-05-01,1.09099205726947
2008-05-02,1.00085276972899
2008-05-03,0.994787932503835
2008-05-04,0.99856771774331
2008-05-05,0.974643395261633
2008-05-06,0.982718391000512
2008-05-07,0.987941366967786
2008-05-08,0.979471211862962
2008-05-09,0.973449326742799
2008-05-10,0.964635554798023
2008-05-11,0.967444622464633
2008-05-12,0.941587455258224
2008-05-13,1.18156945628089
2008-05-14,1.0476190216465
2008-05-15,1.01746272550304
2008-05-16,0.993808624509971
2008-05-17,0.944917675132095
2008-05-18,0.904811862962332
2008-05-19,0.936146855292313
2008-05-20,1.21050199420487
2008-05-21,1.47681936253622
2008-05-22,1.1464489517641
2008-05-23,0.99974174194648
2008-05-24,0.949986023521391
2008-05-25,1.1801004942901
2008-05-26,0.933830305096301
2008-05-27,0.93319461394239
2008-05-28,0.929632452701551
2008-05-29,0.882419498892108
2008-05-30,0.857618953468553
2008-05-31,0.874083927049599
2008-06-01,0.866736253621953
2008-06-02,0.859829555138912
2008-06-03,2.14463010056247
2008-06-04,1.29798970513039
2008-06-05,1.17546453042441
2008-06-06,2.76952023180501
2008-06-07,1.1906094426453
2008-06-08,0.970837838759161
2008-06-09,1.50964049769899
2008-06-10,1.02235459348901
2008-06-11,0.927805556502471
2008-06-12,0.891035691153912
2008-06-13,0.874040974944605
2008-06-14,0.853913618544401
2008-06-15,0.840025771262996
2008-06-16,0.822701755582069
2008-06-17,0.812679597750128
2008-06-18,0.806044929265383
2008-06-19,0.804722004431566
2008-06-20,0.796669916482018
2008-06-21,0.79931576614965
2008-06-22,0.780187762058974
2008-06-23,0.780537105846259
2008-06-24,0.776745866712119
2008-06-25,0.773011897051304
2008-06-26,0.765114436679734
2008-06-27,0.763061326061019
2008-06-28,0.756418067155275
2008-06-29,0.746126742798705
2008-06-30,0.733621953298108
2008-07-01,0.738598670530084
2008-07-02,0.738598670530084
2008-07-03,1.28718295551389
2008-07-04,0.808581966933697
2008-07-05,0.793746309868757
2008-07-06,0.767502573717402
2008-07-07,0.747031600477246
2008-07-08,0.737060985171297
2008-07-09,0.725741673768536
2008-07-10,0.721200446517523
2008-07-11,0.721094256008181
2008-07-12,0.718863610022158
2008-07-13,0.714170376683143
2008-07-14,0.70975203681609
2008-07-15,0.699646838247827
2008-07-16,0.702447315493438
2008-07-17,0.703506800749957
2008-07-18,0.70926810976649
2008-07-19,0.706940105675814
2008-07-20,0.699752786773479
2008-07-21,0.696210669848304
2008-07-22,0.700975490028976
2008-07-23,0.708944537242202
2008-07-24,0.710757116072951
2008-07-25,0.700986943923641
2008-07-26,0.695414624169081
2008-07-27,0.699105641724902
2008-07-28,0.692453792398159
2008-07-29,0.729578728481336
2008-07-30,0.715103869098347
2008-07-31,0.717869984659963
2008-08-01,0.846522993011761
2008-08-02,0.701405011078916
2008-08-03,0.696413976478609
2008-08-04,0.687783466848474
2008-08-05,0.67989746037157
2008-08-06,0.678434225328106
2008-08-07,0.685870666439407
2008-08-08,0.687296676325209
2008-08-09,0.898758479631839
2008-08-10,0.706318731890233
2008-08-11,0.691577569456281
2008-08-12,0.693882665757627
2008-08-13,0.698475677518323
2008-08-14,0.694672984489518
2008-08-15,0.691672064087268
2008-08-16,0.686225737174024
2008-08-17,0.68464796318391
2008-08-18,0.745768808590421
2008-08-19,1.03105382648713
2008-08-20,1.99770240327254
2008-08-21,0.8812826998466
2008-08-22,0.735967138230782
2008-08-23,0.700494426453042
2008-08-24,2.24201970342594
2008-08-25,2.50368106357593
2008-08-26,0.811789057439918
2008-08-27,0.711879597750128
2008-08-28,0.485668041588546
2008-08-29,0.434031020964718
2008-08-30,0.392467700698824
2008-08-31,0.38652312936765
2008-09-01,0.375521663541844
2008-09-02,0.373428464291802
2008-09-03,0.36923920231805
2008-09-04,0.356430884608829
2008-09-05,0.35546303050963
2008-09-06,0.365711402761207
2008-09-07,0.361542185103119
2008-09-08,0.352255940003409
2008-09-09,0.258253826487131
2008-09-10,0.139259314811658
2008-09-11,0.139356672916312
2008-09-12,0.138586398500085
2008-09-13,0.134211010738026
2008-09-14,0.13555111641384
2008-09-15,0.134294051474348
2008-09-16,0.135299130731208
2008-09-17,0.133686995057099
2008-09-18,0.135465212203852
2008-09-19,0.137867666609852
2008-09-20,0.627349855121868
2008-09-21,0.236325345150844
2008-09-22,0.153974705982615
2008-09-23,0.144742866882564
2008-09-24,0.230644213396966
2008-09-25,0.250133015169593
2008-09-26,0.152416976308164
2008-09-27,0.141670359638657
2008-09-28,0.138669439236407
2008-09-29,0.136836816089995
2008-09-30,0.135969183569115
2008-10-01,0.137174705982615
2008-10-02,0.286207056417249
2008-10-03,0.628180262485086
2008-10-04,0.422551355036646
2008-10-05,0.15081629452872
2008-10-06,0.407057099028464
2008-10-07,0.234066064428157
2008-10-08,0.139379580705642
2008-10-09,0.135024237259247
2008-10-10,0.131754150332368
2008-10-11,0.129048167717743
2008-10-12,0.128976580876087
2008-10-13,0.36702860064769
2008-10-14,0.211048248904907
2008-10-15,0.268522243054372
2008-10-16,0.289305334924152
2008-10-17,0.33844826998466
2008-10-18,0.346113788989262
2008-10-19,0.23541476052497
2008-10-20,0.357258428498381
2008-10-21,0.244546378046702
2008-10-22,0.228659826146242
2008-10-23,0.328520606783705
2008-10-24,0.230649940344299
2008-10-25,0.217134344639509
2008-10-26,0.213245747400716
2008-10-27,0.204675370717573
2008-10-28,0.203091869780126
2008-10-29,0.210657167206409
2008-10-30,0.213617998977331
2008-10-31,0.637251747059826
2008-11-01,0.676492790182376
2008-11-02,0.882957831941367
2008-11-03,0.866046156468382
2008-11-04,2.55185614453724
2008-11-05,0.553131481165843
2008-11-06,7.47028164308846
2008-11-07,8.98677317174048
2008-11-08,1.37453608317709
2008-11-09,0.811823419123913
2008-11-10,0.686996011590251
2008-11-11,1.02230018748935
2008-11-12,3.89881697630816
2008-11-13,1.40079700017044
2008-11-14,0.71963674791205
2008-11-15,0.598726572353844
2008-11-16,0.546342185103119
2008-11-17,0.498914470768706
2008-11-18,0.434005249701722
2008-11-19,0.387611249360832
2008-11-20,0.659629793761718
2008-11-21,0.577791716379751
2008-11-22,0.49202781660133
2008-11-23,0.36636141128345
2008-11-24,0.32454896880859
2008-11-25,0.397183841827169
2008-11-26,0.359560661326061
2008-11-27,0.313876802454406
2008-11-28,0.378430952786773
2008-11-29,0.331681881711266
2008-11-30,0.433675950230101
2008-12-01,0.534158104653145
2008-12-02,0.541024714504858
2008-12-03,0.388241213567411
2008-12-04,0.348536287710926
2008-12-05,0.349255019601159
2008-12-06,0.336309255155957
2008-12-07,0.754954832111812
2008-12-08,0.697281608999489
2008-12-09,0.668091358445543
2008-12-10,0.646263098687574
2008-12-11,0.616460064769047
2008-12-12,2.21109991477757
2008-12-13,2.05819328447247
2008-12-14,0.91970192602693
2008-12-15,0.707558615987728
2008-12-16,0.641919209135845
2008-12-17,0.679639747741606
2008-12-18,0.690724254303733
2008-12-19,0.642735299130731
2008-12-20,0.636140719277314
2008-12-21,0.721374876427476
2008-12-22,0.657350468723368
2008-12-23,0.64404104312255
2008-12-24,0.802892244758821
2008-12-25,1.12306009885802
2008-12-26,1.19351014146923
2008-12-27,4.48002768024544
2008-12-28,4.91220030680075
2008-12-29,3.85292408385887
2008-12-30,1.55712548150673
2008-12-31,1.58479236407022
2009-01-01,4.26991743650929
2009-01-02,1.96956018408045
2009-01-03,0.976842543037327
2009-01-04,0.825012578830748
2009-01-05,2.63824428157491
2009-01-06,4.32704946309869
2009-01-07,15.5050283961139
2009-01-08,9.03614644622465
2009-01-09,1.96232991307312
2009-01-10,1.53925740582921
2009-01-11,1.51019028464292
2009-01-12,1.12676257030851
2009-01-13,0.974351320947673
2009-01-14,0.854268689279018
2009-01-15,0.811219226180331
2009-01-16,0.755730833475371
2009-01-17,0.71577678540992
2009-01-18,0.670986330322141
2009-01-19,0.637787216635418
2009-01-20,0.620231259587523
2009-01-21,0.603176410431225
2009-01-22,0.579758922788478
2009-01-23,0.556281302198739
2009-01-24,0.556106630305096
2009-01-25,0.598122379410261
2009-01-26,0.519946684847452
2009-01-27,0.57566701891938
2009-01-28,0.522463678200102
2009-01-29,0.501457235384353
2009-01-30,0.49972483381626
2009-01-31,0.50966395091188
2009-02-01,0.426594579853417
2009-02-02,0.413602999829555
2009-02-03,0.383797102437362
2009-02-04,0.372755547980228
2009-02-05,0.364248167717743
2009-02-06,0.411578523947503
2009-02-07,0.363039781830578
2009-02-08,0.37036741094256
2009-02-09,0.518019567070053
2009-02-10,0.564299028464292
2009-02-11,0.543687745014488
2009-02-12,0.419006374637805
2009-02-13,0.388089449463099
2009-02-14,0.374313277654679
2009-02-15,0.397284063405488
2009-02-16,0.386465859894324
2009-02-17,0.33700507925686
2009-02-18,0.310125651951594
2009-02-19,0.301059894324186
2009-02-20,0.307279359127322
2009-02-21,0.326513311743651
2009-02-22,0.386548900630646
2009-02-23,0.867306084881541
2009-02-24,1.35190032384524
2009-02-25,1.5856685870121
2009-02-26,1.01563115732061
2009-02-27,0.73507087097324
2009-02-28,0.637784353161752
2009-03-01,0.871380807908641
2009-03-02,1.13214303732742
2009-03-03,1.303184046361
2009-03-04,0.859044963354355
2009-03-05,0.84234804840634
2009-03-06,0.667229452871996
2009-03-07,0.988963627066644
2009-03-08,0.710319004602011
2009-03-09,1.25367745014488
2009-03-10,0.835444213396966
2009-03-11,0.732396386568945
2009-03-12,0.679424987216635
2009-03-13,0.657064121356741
2009-03-14,2.13358854610534
2009-03-15,3.08292456110448
2009-03-16,2.26516229759673
2009-03-17,1.90998275098006
2009-03-18,1.06268089313107
2009-03-19,0.95344796318391
2009-03-20,1.33195622975967
2009-03-21,0.874831293676496
2009-03-22,0.75736587693881
2009-03-23,0.693464598602352
2009-03-24,0.684484745184933
2009-03-25,0.981452735640021
2009-03-26,0.698650349411965
2009-03-27,0.653330151695926
2009-03-28,0.976853996931992
2009-03-29,0.818062928242714
2009-03-30,0.663171910686893
2009-03-31,0.856774228737004
2009-04-01,1.57950066473496
2009-04-02,5.49351123231635
2009-04-03,3.88774106016704
2009-04-04,1.2208734958241
2009-04-05,0.91550407363218
2009-04-06,0.786779478438725
2009-04-07,0.715350127833646
2009-04-08,0.663595704789501
2009-04-09,0.629964206579172
2009-04-10,0.612588648372252
2009-04-11,0.643539935230953
2009-04-12,2.87667427987046
2009-04-13,1.53586132606102
2009-04-14,0.947102505539458
2009-04-15,0.684888494971877
2009-04-16,0.615466439406852
2009-04-17,0.880710005113346
2009-04-18,0.613284472473155
2009-04-19,0.566489585818988
2009-04-20,0.540789909664224
2009-04-21,0.517919345491733
2009-04-22,0.686500630645986
2009-04-23,0.598895517300153
2009-04-24,0.519219362536219
2009-04-25,0.486544264530424
2009-04-26,0.464899267087097
2009-04-27,0.449038486449634
2009-04-28,0.535879052326572
2009-04-29,0.475949411965229
2009-04-30,0.437593182205557
2009-05-01,0.424575830918698
2009-05-02,0.718660303391853
2009-05-03,0.544309118800068
2009-05-04,0.90237218339867
2009-05-05,2.91133376512698
2009-05-06,3.96959059144367
2009-05-07,1.2772753366286
2009-05-08,0.832423248679052
2009-05-09,0.731253860576104
2009-05-10,0.653633679904551
2009-05-11,0.651388716550196
2009-05-12,0.594391273223112
2009-05-13,1.20874668484745
2009-05-14,2.31592882222601
2009-05-15,0.80205611044827
2009-05-16,0.666419089824442
2009-05-17,0.606520947673428
2009-05-18,1.14307864325891
2009-05-19,1.62542505539458
2009-05-20,0.87758309186978
2009-05-21,0.621113209476734
2009-05-22,0.568860542014658
2009-05-23,0.536268484745185
2009-05-24,0.511384898585308
2009-05-25,0.48628655190046
2009-05-26,0.473933526504176
2009-05-27,0.463627884779274
2009-05-28,0.430878336458156
2009-05-29,0.404614555991137
2009-05-30,0.383135640020453
2009-05-31,0.377557593318561
2009-06-01,0.361241520368161
2009-06-02,0.343213090165332
2009-06-03,0.317670905062212
2009-06-04,0.316932128856315
2009-06-05,0.314669984659962
2009-06-06,0.32754988921084
2009-06-07,0.322862382819158
2009-06-08,0.287948048406341
2009-06-09,0.264676597920573
2009-06-10,0.251885461053349
2009-06-11,0.260762229418783
2009-06-12,0.24139369354014
2009-06-13,0.257288835861599
2009-06-14,0.248168672234532
2009-06-15,0.241657133117437
2009-06-16,0.243753195841145
2009-06-17,0.248460746548492
2009-06-18,0.24897617180842
2009-06-19,0.395345491733424
2009-06-20,0.324946991648202
2009-06-21,0.399474620760184
2009-06-22,0.305492551559571
2009-06-23,0.271649156297938
2009-06-24,0.262906971194818
2009-06-25,0.25166211010738
2009-06-26,0.236583057780808
2009-06-27,0.236522924833816
2009-06-28,0.225693267427987
2009-06-29,0.21714866200784
2009-06-30,0.206479359127322
2009-07-01,0.206771433441282
2009-07-02,0.197971978864837
2009-07-03,0.191234225328106
2009-07-04,0.187314129878984
2009-07-05,0.186105743991819
2009-07-06,0.186183057780808
2009-07-07,0.193682495312766
2009-07-08,0.194398363729334
2009-07-09,0.194787796147946
2009-07-10,0.178884063405488
2009-07-11,0.181403920231805
2009-07-12,0.183743378217147
2009-07-13,0.192161990795977
2009-07-14,0.187457303562298
2009-07-15,0.174648985853077
2009-07-16,0.167118050110789
2009-07-17,0.178995738878473
2009-07-18,0.162731208454065
2009-07-19,0.158825430373274
2009-07-20,0.158742389636952
2009-07-21,0.158075200272712
2009-07-22,0.158599215953639
2009-07-23,0.160640872677689
2009-07-24,0.159398125106528
2009-07-25,0.155088597238793
2009-07-26,0.151758377364922
2009-07-27,0.152219396625192
2009-07-28,0.151858598943242
2009-07-29,0.148886313277655
2009-07-30,0.145707857508096
2009-07-31,0.147042236236577
2009-08-01,0.147700835179819
2009-08-02,0.148158990966422
2009-08-03,0.148070223282768
2009-08-04,0.151792739048918
2009-08-05,0.156070768706323
2009-08-06,0.156967035963866
2009-08-07,0.152772047042782
2009-08-08,0.156337071757287
2009-08-09,0.157651406170104
2009-08-10,0.184971808419976
2009-08-11,0.56572790182376
2009-08-12,0.308550741435146
2009-08-13,0.368769592636782
2009-08-14,0.210488222260099
2009-08-15,0.165952616328618
2009-08-16,0.159263541844213
2009-08-17,0.153336151355037
2009-08-18,0.150993829896029
2009-08-19,0.149616499062553
2009-08-20,0.14786118970513
2009-08-21,0.147494665075848
2009-08-22,0.146380773819669
2009-08-23,0.144728549514232
2009-08-24,0.145753673086756
2009-08-25,0.145733628771093
2009-08-26,0.142855837736492
2009-08-27,0.141727629111982
2009-08-28,0.139614385546276
2009-08-29,0.301649769899437
2009-08-30,0.153737037668314
2009-08-31,0.134357409705758
2009-09-01,0.124778728481336
2009-09-02,0.123163729333561
2009-09-03,0.133578183057781
2009-09-04,0.12380439498917
2009-09-05,0.370232827680245
2009-09-06,2.13127485938299
2009-09-07,0.394589534685529
2009-09-08,0.17275050281234
2009-09-09,0.146996420657917
2009-09-10,0.136604874723027
2009-09-11,0.133223112323163
2009-09-12,0.12991007329129
2009-09-13,0.12662566899608
2009-09-14,0.123355582069201
2009-09-15,0.120824271348219
2009-09-16,0.121883756604738
2009-09-17,0.125434463950912
2009-09-18,0.12136833134481
2009-09-19,0.446867973410602
2009-09-20,0.132404158854611
2009-09-21,0.121388375660474
2009-09-22,0.118327322311232
2009-09-23,0.115014283279359
2009-09-24,0.1149598772797
2009-09-25,0.115186091699335
2009-09-26,0.115303494119652
2009-09-27,0.112500153400375
2009-09-28,0.114842474859383
2009-09-29,0.203166320095449
2009-09-30,0.141272336799045
2009-10-01,0.15861353332197
2009-10-02,0.644069597197983
2009-10-03,0.147090915288904
2009-10-04,0.123790830066473
2009-10-05,0.117190523265724
2009-10-06,0.116214078745526
2009-10-07,0.117634361683995
2009-10-08,0.117519822737344
2009-10-09,0.11651760695415
2009-10-10,0.1140006136015
2009-10-11,0.112328344980399
2009-10-12,0.113602590761889
2009-10-13,0.15700998806886
2009-10-14,1.01137317197886
2009-10-15,0.337053758309187
2009-10-16,2.30842079427305
2009-10-17,3.78925188341571
2009-10-18,1.09768399522754
2009-10-19,0.382960968126811
2009-10-20,0.260997034259417
2009-10-21,0.377256928583603
2009-10-22,0.250293369694904
2009-10-23,0.967519072779956
2009-10-24,0.371713243565706
2009-10-25,0.275927185955343
2009-10-26,5.89451781148798
2009-10-27,0.691107959775013
2009-10-28,0.435542935060508
2009-10-29,0.98426180330663
2009-10-30,0.530750570990285
2009-10-31,0.740150673257201
2009-11-01,0.264023725924663
2009-11-02,0.196989807397307
2009-11-03,0.195918868246122
2009-11-04,0.19711007329129
2009-11-05,0.86035357081984
2009-11-06,4.49455408215442
2009-11-07,7.78276966081473
2009-11-08,1.04707782512357
2009-11-09,1.13535871825464
2009-11-10,1.60487390489177
2009-11-11,1.02145259928413
2009-11-12,0.637873120845406
2009-11-13,0.820279256860406
2009-11-14,0.528070359638657
2009-11-15,0.75742028293847
2009-11-16,2.93375476393387
2009-11-17,6.34470455087779
2009-11-18,1.27666828021135
2009-11-19,3.68287097324016
2009-11-20,2.66500057951253
2009-11-21,1.38884486108744
2009-11-22,5.66724390659622
2009-11-23,1.19587537071757
2009-11-24,1.18986207601841
2009-11-25,0.908130628941537
2009-11-26,7.61300862450997
2009-11-27,1.71119468212033
2009-11-28,0.790828430202829
2009-11-29,0.637764308846088
2009-11-30,0.59532190216465
2009-12-01,0.510076291119823
2009-12-02,0.410825430373274
2009-12-03,0.364001908982444
2009-12-04,0.317252837906937
2009-12-05,0.277095483211181
2009-12-06,0.253655087779104
2009-12-07,0.217890301687404
2009-12-08,0.178792432248168
2009-12-09,0.306844111130049
2009-12-10,0.581167751832282
2009-12-11,0.196892449292654
2009-12-12,0.161494187830237
2009-12-13,0.176306937105846
2009-12-14,0.658856655871825
2009-12-15,1.1102689619908
2009-12-16,1.6012974262826
2009-12-17,0.916741094256008
2009-12-18,0.558838384182717
2009-12-19,1.06939573887847
2009-12-20,0.774446497358105
2009-12-21,4.71567438213738
2009-12-22,1.06460514743481
2009-12-23,0.812083995227544
2009-12-24,0.702822430543719
2009-12-25,0.640908402931652
2009-12-26,0.593509323333901
2009-12-27,0.549537821714675
2009-12-28,0.526945014487813
2009-12-29,0.517859212544742
2009-12-30,0.5179222089654
2009-12-31,0.886445542866883
