Step,reach0(5752)
0,117.44219448267944
1,68.35763069722596
2,36.88271615649035
3,23.86093744917741
4,18.6226000618452
5,16.57593830499013
6,18.925423316392234
7,13.49461297581992
8,11.106462597772964
9,9.357435362127267
10,8.275695644416256
11,7.687202723854958
12,6.35531779807796
13,5.689628350292602
14,5.135412061328763
15,4.7302465691496725
16,4.273555953056011
17,5.198016250942947
18,4.597961087044848
19,3.9114229467792723
20,3.5254893415158857
21,3.2924742504552125
22,3.0783318548202256
23,3.9473605444868247
24,4.94182287493597
25,3.683963223526406
26,3.9265558082039473
27,3.2044500741814774
28,3.609323428237622
29,3.5520562223677756
30,3.536571670775642
31,2.905061024579764
32,2.7511430550704397
33,2.703081739031143
34,2.4256193015983434
35,2.690176715803021
36,4.165094710587515
37,3.9864621039108243
38,3.001026953355236
39,2.6608903790814264
40,3.499283583586054
41,2.58660743962603
42,2.4239637429076253
43,2.2784849192338954
44,2.1413449178409665
45,2.00380607987908
46,2.127874589305101
47,1.9715996503282047
48,1.9799975638481457
49,1.7797441913902645
50,1.6539708284529053
51,5.9689641915618274
52,4.800620518245426
53,3.9970798291722804
54,3.0965288209040107
55,2.806816029863296
56,2.5689269969579103
57,2.6045761319366036
58,2.252450830141596
59,2.0959693140110196
60,1.9560961696022658
61,1.826285901609438
62,1.7072803618313244
63,1.655761223049826
64,1.5242355566002141
65,1.6892009831004806
66,1.40942105088256
67,1.681748025375742
68,1.8405908761920777
69,3.189835425588819
70,2.256621179279093
71,1.6810818276995354
72,1.975291758589647
73,1.9823515363026385
74,2.314335186094354
75,1.6566946934091564
76,1.9869462008657173
77,2.0489200513442896
78,2.0152984532564533
79,1.5936910417844334
80,1.4971716321343014
81,1.408015585673517
82,1.459981407448627
83,1.2676738793177122
84,1.1994471062537326
85,1.141852411355853
86,1.5734139132649207
87,1.2215401404192154
88,1.053728323193193
89,1.001888472695713
90,0.9555985377940526
91,0.9156348904016609
92,0.8782589541113168
93,0.8412329666424092
94,0.8825387297265319
95,0.7795609414731414
96,1.4868048388134567
97,0.777732382469894
98,1.517144883200363
99,1.4740289879585415
100,0.8660011749897131
101,1.0204905464074896
102,2.6347150367387537
103,1.2552681893150455
104,2.009283374572267
105,1.3580587837823712
106,1.31101805025189
107,1.0640899452877455
108,0.995153157259532
109,0.9376343104504032
110,0.9367903592843335
111,0.879751561396624
112,0.8146944163804498
113,0.7781917278123416
114,0.7446434571895355
115,1.308580210128689
116,1.2107187661075234
117,0.7607250110760558
118,0.7246278151183133
119,0.6911261443510726
120,0.6618272106000618
121,0.7773259528180323
122,0.6246153280608497
123,0.6020997265173881
124,0.6274450542709746
125,1.0209660522750328
126,0.5821584492039055
127,0.5628932759256029
128,0.5439161960295046
129,0.5258883224112834
130,0.5086598382267801
131,0.4902081097499323
132,0.817592729271586
133,0.5946174031697044
134,0.47074879706094347
135,0.7249218461481459
136,0.591533620177309
137,0.45115176721452305
138,0.7798654675742834
139,0.7680417593969677
140,0.7954501113981948
141,0.4870883820141074
142,0.4457596898612238
143,0.430576056442769
144,0.44240137479538866
145,0.4044706908635376
146,0.547640501228646
147,0.7476529740057009
148,0.3957758397476138
149,0.38360736665056455
150,0.3726568796843814
151,0.3625000749693264
152,0.3532328545818574
153,0.34472609773808127
154,0.3781616867800452
155,0.3546826566306209
156,0.7827227172964091
157,0.48983733453724215
158,0.3339381097389479
159,0.3255843841460368
160,0.3173881601258263
161,0.3097857346190049
162,0.30234130168463114
163,0.2945321159606413
164,0.2874022598356623
165,0.28150740333024976
166,0.3262290459317114
167,0.49850229164975407
168,0.3973907767609485
169,0.32877899255519694
170,0.32808846680508785
171,0.32724198203261357
172,0.3265517189391882
173,0.32607725406523974
174,0.3256131551258179
175,0.324706518919169
176,0.32355392811657213
177,0.4814760123248241
178,1.5122934646746047
179,0.41840392984401825
180,0.9053984119263272
181,0.43560524951289936
182,0.40483655089570586
183,0.3968682797785117
184,0.3910762719290972
185,0.38633030520612927
186,0.3816666932292696
187,1.7740648208290193
188,0.5804061400631125
189,0.4677676744099027
190,0.4493808189121355
191,0.43554327670574594
192,0.4245283334897509
193,0.4150357778607385
194,0.40786808591772594
195,0.4017162743656895
196,0.3967803060943489
197,0.391199501381491
198,0.3854564400019581
199,0.38049320229930345
200,0.37587010789233716
201,0.3714245905964626
202,0.36641724387095426
203,0.36173793478201594
204,0.3579332019559163
205,0.3550575335987769
206,0.35274691993771207
207,0.35023599620592955
208,0.3481980152146965
209,0.3459987294370233
210,0.36443704094569535
211,0.3427471586565966
212,0.34080735190565775
213,0.33886732033788564
214,0.3372336720206423
215,0.33558224686025867
216,0.33385332048058797
217,0.3324353317098723
218,0.33074481687570023
219,0.32864586057379497
220,0.3262384682939497
221,0.3240612081403077
222,0.32235467356479525
223,0.3204430161574509
224,0.31754742731948826
225,0.3156010623063677
226,0.3138977922291422
227,0.3126825622448725
228,0.31162429059299346
229,0.31060744600029594
230,0.61630685808234
231,0.34026384073515037
232,0.3185358596559439
233,0.316568648816159
234,0.3144262019251862
235,0.3125294196591939
236,0.3114104070812451
237,0.3097203430161526
238,0.3079998727039819
239,0.3058307841068159
240,0.30432894354618395
241,0.3033797547767034
242,0.3020839104713603
243,0.30112006066276686
244,0.4366289452264609
245,0.4266176948778436
246,0.30627782954524657
247,0.30536750910875454
248,0.30455128584586405
249,0.30345809715172806
250,0.33690190840174317
251,0.3024648662140497
252,0.30104938539182025
253,0.2995944883317735
254,0.2981477629554425
255,0.29666914940895556
256,0.2954179262484117
257,0.2947769880003159
258,0.49930823526186363
259,0.24507852589285337
260,0.2350029859460815
261,0.22656793688776905
262,0.21925157558780436
263,0.21278775819153004
264,0.20672091675544194
265,0.20105378146134395
266,0.19588153723350174
267,0.19107345573399884
268,0.18664845194593252
269,0.18259978393124393
270,0.17881299312507434
271,0.9408475740084746
272,0.1969225237506509
273,0.19175703379569567
274,0.18723163748761384
275,0.9071651952082563
276,0.20876806289479294
277,0.22566313471123822
278,0.1963099505402061
279,0.19077835578337593
280,0.18598710609190283
281,0.22194849139113695
282,0.3014113034778932
283,0.180008519915355
284,0.1763563813386127
285,0.17291197221849547
286,0.16964352689250492
287,0.16647186170571296
288,0.1633675770022408
289,0.1604397832318066
290,0.1578059062102329
291,0.21910402526138137
292,0.17822150551945018
293,0.1525634264611578
294,0.15020094039696422
295,0.14799098294174665
296,0.14595113953500827
297,0.14407462255606276
298,0.14230231014314268
299,0.1803033011163009
300,0.13965885009905582
301,0.1777126196343306
302,0.1372038533244148
303,0.13565155625956463
304,0.13410407613014008
305,0.1326266129101634
306,0.13123745691887015
307,0.12986017863639002
308,0.12842600514920738
309,1.3831591974084012
310,0.9775352482161903
311,0.25759941262505787
312,0.7672519268312881
313,0.2529778146037587
314,0.2670621451205538
315,1.6744839976955932
316,0.4350774954112566
317,0.28398370657910316
318,0.3022474787439113
319,1.5931525658695413
320,0.37071967746444334
321,0.41303563604994087
322,0.7053023804789079
323,0.32527726718886674
324,0.2998564221317316
325,0.2807177668802448
326,0.26548031032619757
327,0.25307348910406
328,0.24259620617250197
329,0.23356389001036418
330,0.22539389000632853
331,0.21787409180174713
332,0.21088872032707576
333,0.20466834749865342
334,0.1990312488767944
335,0.19364604220760664
336,0.1887582352007842
337,0.4153632842369521
338,0.1888809103925751
339,0.18421253299405072
340,0.18004655736380534
341,0.1763550001355829
342,0.36255215383368045
343,0.8934153547793912
344,0.7506448693475469
345,1.0825899629302114
346,0.755232823670524
347,3.3753408924733415
348,2.0854140754065567
349,2.427358408991786
350,1.9419863816192895
351,1.236620396839164
352,1.044613640985427
353,0.8475645098808294
354,0.749306627558197
355,0.6771778688278353
356,0.6202423993134798
357,0.9132213287991771
358,1.5188768417552283
359,0.731522001949898
360,1.2300374623037387
361,0.8825602271296005
362,1.0925606383744928
363,1.0463233871901523
364,0.847445155257334
365,2.816560637854833
366,3.6097453606059395
367,1.9156994283345365
368,3.1842823145692782
369,1.8072365603973732
370,1.528432535993869
371,1.336316860279225
372,1.1868609607579066
373,1.06626783778507
374,0.9676994166765146
375,1.8038010621214204
376,2.3988571040964257
377,2.023281335932685
378,1.317114461090895
379,1.190819245054769
380,1.09427756650524
381,1.0084031576774293
382,0.9316371533593998
383,0.864225518854194
384,0.8050111387740164
385,2.254966755045696
386,2.886933576099125
387,1.8889323045585873
388,2.2361812430372368
389,1.9357552160386642
390,2.378620020092586
391,1.8034065021736054
392,1.8272887146735883
393,2.432806341319006
394,2.838448031475589
395,1.8082263675038444
396,1.5882874684082908
397,2.2290484911289075
398,1.87227185579833
399,1.468088927341955
400,1.3521510592970036
401,1.2509551671034314
402,1.1620706959609919
403,1.0842035593912784
404,1.0144299596296358
405,0.9503214854791993
406,0.8901407271995188
407,0.8344015582933754
408,0.7821531188099834
409,0.7320159808437557
410,1.2275377133625958
411,1.8872959832799343
412,0.9119981876092423
413,0.7734583114723493
414,0.8534368402245334
415,0.9235519907606248
416,1.3206986462758963
417,0.863417233137766
418,0.7133070862673104
419,0.6774156325189208
420,0.6448536148921995
421,0.6141656903778157
422,0.5848832546820539
423,0.7922864819298202
424,0.5517959285000004
425,1.2090463305584767
426,0.5714338268954616
427,0.5428315656384999
428,0.5163514879890696
429,0.49200146016478885
430,1.786844708633573
431,0.9219852270754842
432,1.2113577599960632
433,0.6599042972474373
434,0.7836282760517729
435,3.608579375731982
436,2.7674626829966336
437,1.8524930083893663
438,1.4867395887632124
439,1.29808167377348
440,1.1098011912837218
441,1.3017595631397312
442,1.6560880974629084
443,1.2961259043888516
444,2.2877597525977866
445,2.598570346281078
446,1.5354065505853742
447,1.395580689971278
448,1.3142774479817794
449,1.5198207359790592
450,1.1507930692162676
451,1.0361377237928038
452,0.9503224359901999
453,1.2460225948069115
454,1.438658919800617
455,1.5459693990082783
456,1.2010480231062746
457,1.0280567062144428
458,1.0129190045342842
459,1.6875039115764086
460,1.126204139588105
461,1.0577010178770616
462,1.6212179077022542
463,0.9312484813485581
464,0.8589079887916834
465,0.8445464439926762
466,0.9227832345728976
467,1.981345134911519
468,0.8728659504130328
469,0.9825324626828417
470,0.8019758041194053
471,0.9486793774806184
472,0.9823160398932914
473,0.7761870429978311
474,0.7092229246756632
475,0.8932519144110267
476,0.6478103846754444
477,1.0965549345821541
478,1.3699826970121383
479,0.6866926444692718
480,0.6409787657183076
481,0.5994804797006491
482,0.5609253901403339
483,0.5268826112775148
484,0.49659624121702406
485,0.46764239931890206
486,0.4410581163368581
487,0.5078083741921601
488,1.475630178537325
489,0.5234868603316338
490,0.45599914920319573
491,0.43262285412020846
492,0.4111426438955706
493,0.3909882274365577
494,0.3720778198812523
495,0.35411957410390466
496,0.3376604108787395
497,0.3225268751060201
498,0.30868784325580056
499,0.2966747689295244
500,1.3024230233334602
501,0.36224451612369923
502,0.3231607006535607
503,0.3091201256814349
504,0.3644817046845329
505,0.28777956115189934
506,0.27524529969181455
507,0.26322933288027317
508,0.504761190104679
509,0.603629522742432
510,0.26253699154475246
511,0.2504056660482777
512,0.23867551890061942
513,0.22819733504837847
514,0.32565206045053696
515,0.21413832901503557
516,0.20566338957933114
517,0.19786331491352066
518,0.19145283634986426
519,0.18594059786177
520,0.18037718059447866
521,0.17490449675307346
522,0.16964013714123433
523,0.16499514915041338
524,0.16100591385406057
525,0.15735838691116036
526,0.153824334126616
527,0.1503915631460311
528,0.3486186510892406
529,0.14852949008008773
530,0.14507864938648118
531,0.18949603843988264
532,0.1889228820781487
533,0.189656518474455
534,0.4133385701560109
535,1.11163676713144
536,0.6253061915002927
537,0.2856980950113447
538,0.27005297045727916
539,0.24847676137685906
540,0.24675024601617526
541,0.24497266075515514
542,0.24376919158341123
543,0.24260336399580204
544,0.24214914023586606
545,0.29619199966394066
546,0.24397309825944774
547,0.24386577092371384
548,0.24378285109178977
549,0.24354267859406906
550,0.24333735703550072
551,0.24307255065528682
552,0.24301608005584485
553,0.24277733405448276
554,0.24231386982747194
555,0.24127968198005956
556,0.2408993714886898
557,0.24037304357374098
558,0.2401933574459568
559,0.2397136679141031
560,0.23933247844072136
561,0.23921470375663687
562,0.2391144345940939
563,0.23872803905044263
564,0.2379784597351847
565,0.23662164886769638
566,0.23646437364916856
567,0.2358969641156423
568,0.23559966202732707
569,0.2355329973272763
570,0.23547766415740884
571,0.2352770618007091
572,0.23472524072555506
573,0.23401386095317328
574,0.2328169065913908
575,0.23136514082977777
576,0.231236827214761
577,0.23128575590647366
578,0.23123027283099187
579,0.23124423988635517
580,0.23117516082202397
581,0.31703169197431696
582,0.23340689722549163
583,0.23300148851440558
584,0.2326304605040128
585,0.4178511865838869
586,0.476868003474716
587,0.2437245587656824
588,0.24245608819417103
589,0.2412837740351236
590,0.24022080799848566
591,0.23924835641361328
592,0.23848264732008467
593,0.23719426083009287
594,0.23623871342377317
595,0.2357404292344494
596,0.2353675120885746
597,0.2346608817177371
598,0.23459780268634622
599,0.23483751904132982
600,0.23484832421281093
601,0.2339660452462922
602,0.2335423972368155
603,0.2331123355641801
604,0.23271710238043491
605,0.2321867617084583
606,0.23149642427632758
607,0.23127878428136325
608,0.2313883414997306
609,0.23065984307213588
610,0.22965840740969157
611,0.22870763922292486
612,0.22810782233888452
613,0.22792586761593656
614,0.2609165163335619
615,0.4145832094032787
616,0.23413312325330907
617,0.3863213726141966
618,0.5354302369105756
619,0.24894667480512891
620,0.24724093604961325
621,0.24621878030707808
622,0.2456136416058438
623,2.7593643518570827
624,0.4197747063577529
625,0.33809064527634203
626,0.5551006986013376
627,0.2968631174947091
628,0.2725287853611241
629,0.25287628798328876
630,0.23641293502731459
631,0.22271720792383537
632,0.2110511451529363
633,0.20093176365124857
634,0.19174317676643446
635,0.18328221229139546
636,0.17609687568329904
637,0.16979275821663706
638,0.16388127085626536
639,0.15860568496732674
640,0.1538422630580258
641,0.14949728965592085
642,0.14544358219447165
643,0.527032341459111
644,0.1497015930856515
645,0.41113053921011655
646,0.19068147291422607
647,0.14810352924446057
648,0.7566961183922215
649,0.5429299713714074
650,0.1785326495442298
651,0.17032932950678137
652,1.1846801401344265
653,1.444244740539165
654,1.426131281327386
655,0.41134181157593824
656,0.606339761359485
657,25.336110829661042
658,6.432076577785799
659,3.436846221369766
660,2.1757583749607754
661,1.6951151034435035
662,1.4017535631509854
663,1.196688992464829
664,1.0447326921785305
665,1.2215526980546023
666,0.8848301726468887
667,0.8117627740891113
668,0.7531058557884076
669,0.7788776110484056
670,1.0787714695489539
671,0.6787127505226337
672,0.6405512359534307
673,0.6054822872766287
674,0.572914348480435
675,0.542093140461633
676,0.5103666368544806
677,0.48039449907190046
678,0.5257046812582306
679,0.43562542202605387
680,0.41327907701963346
681,0.39355619640960227
682,0.37490312050122326
683,0.6924908236835962
684,1.4395426616055331
685,1.2458214460610995
686,6.390990509070285
687,6.10277593772164
688,3.9277122856636804
689,3.0112639604208145
690,2.3763532596110077
691,2.492458126625713
692,1.9111716695480847
693,2.5016468687660955
694,1.7195293416241844
695,1.5468209849307017
696,2.7569456829154406
697,1.9358949314182101
698,1.5462097428481887
699,1.4745776521700897
700,2.4938253917286777
701,1.5143527917797583
702,1.9511616980265458
703,2.9543092975888263
704,1.9261348766191277
705,2.01279005297803
706,1.7464985360528713
707,1.4928242958724818
708,2.3067743881029044
709,1.9052048512448456
710,2.1512765645463956
711,2.0591847311188807
712,1.5629830656329062
713,1.4147555467735384
714,2.1085061334853075
715,1.368985193375221
716,1.260596577388627
717,1.7039060563271915
718,1.4712596622552911
719,1.1743581167146566
720,1.066940187381014
721,1.024099363251465
722,1.7944582898607484
723,1.8693243929862315
724,1.115167525218812
725,1.6949976630963826
726,1.4350353694219227
727,1.114987883386518
728,1.0520760397939264
729,1.0758847132181377
730,1.89415314526754
731,1.2134931609460946
732,1.0405695142368643
733,0.9884096016710306
734,0.9428798993537169
735,0.8988457680147685
736,3.640387653491217
737,4.168766424732856
738,3.166440614945824
739,2.63954687294797
740,2.154125989415742
741,2.464748532189392
742,2.0446826942005973
743,3.594776186149674
744,2.208365861889897
745,1.9250365535864744
746,1.7492755559403674
747,1.8681243590640721
748,1.590006032791129
749,1.3930617205680165
750,1.2872477611903332
751,1.2743123876794322
752,2.5601429676368945
753,2.4192764577681074
754,1.486574648603128
755,1.3710716363552398
756,1.3480922827268436
757,1.920272511588219
758,6.714677817725154
759,3.6756448351508255
760,3.8891342517806398
761,2.912529822208838
762,2.949006659809494
763,2.4924029721468797
764,2.5053559965626873
765,2.035288738283691
766,2.4263811364720658
767,1.9173740006578504
768,1.7848820039165305
769,1.5594558446421432
770,1.4371425326934637
771,1.3173294889236027
772,1.2045924540279054
773,1.109717082459547
774,1.5433504871659212
775,1.4527872507009314
776,2.468391736640914
777,1.7746004774380297
778,1.296384541494533
779,1.1580783388601237
780,1.0787905613095092
781,1.0068170062363664
782,0.9363290050965886
783,0.871240695726288
784,1.040789315375463
785,0.9359753376373569
786,1.1324091671436975
787,1.2143299886600127
788,1.4405029308823771
789,0.8244421083184299
790,0.7722431227452601
791,0.728298830701144
792,1.4821592692792684
793,0.7877495820387101
794,1.0448151477904846
795,0.7238913267956222
796,0.8747974226738123
797,0.659466256134726
798,1.0302971311367595
799,0.6298252931826693
800,0.5948364105066385
801,0.5631138284892779
802,0.5334077792066442
803,0.5046925417485465
804,0.47872630266963595
805,0.4554223068286634
806,0.5048665991218224
807,0.44453069322158184
808,0.4011800012243741
809,0.38331658111959205
810,0.3647220543760457
811,0.3893090552867805
812,0.375394711840805
813,1.2751061613062664
814,1.3454210992922675
815,0.7072807111543987
816,0.5855143864778155
817,0.4345909086592019
818,0.40671089432458324
819,0.45557719816887043
820,0.37279315288413745
821,0.3565048712542192
822,0.3411209722939859
823,0.3252895706095634
824,0.310539234933154
825,0.2978357978388379
826,0.2858873386400878
827,0.2747541651787218
828,0.2642103746127992
829,0.25401400267353724
830,0.2440336018738164
831,0.23380420862701512
832,0.22452642816472665
833,0.25806662151954624
834,0.3790705426063973
835,0.21081246893379763
836,0.22906955742007643
837,0.19905223944812578
838,0.19327179308949577
839,0.48868589059746936
840,0.2755581137853853
841,0.19022688777195926
842,0.18461322156371499
843,0.3448242646905024
844,0.18022473001856412
845,0.17513583289896442
846,0.1699360420620129
847,0.747617192756564
848,0.18235195626176406
849,0.1765501326016248
850,0.1707943613259667
851,0.16519071508600186
852,0.16024967696554196
853,0.1557518866197622
854,0.1516498541527358
855,0.14803801538477673
856,0.1446312027677551
857,0.4763080353993098
858,0.2691687228131292
859,0.14755182554862434
860,0.3313695570828606
861,0.5409818149200445
862,0.15646166488297034
863,0.15072374813175626
864,0.14562355825313003
865,0.14111432996128456
866,0.2012870028910359
867,0.1358969080914912
868,0.1323799176022842
869,0.12914747291284193
870,0.12613619034554474
871,0.1233195288644341
872,0.5920404468379101
873,0.13174091727504667
874,0.12817731937370497
875,0.3091141097427132
876,0.7750385031747223
877,2.145197630459842
878,0.6059755384827648
879,0.30501902519959484
880,0.25009624313619316
881,0.2945920856115292
882,0.21764922672395162
883,0.2042524893476082
884,0.19307724464366957
885,0.18325544883199885
886,0.4695022156561673
887,0.3050891565311646
888,0.18190193042180164
889,0.37737714003459344
890,0.21731853624478464
891,0.2529449181687959
892,0.21005086571214518
893,0.5842073196808539
894,0.26158308502580435
895,0.17722837372591965
896,0.21991936412870183
897,0.21985479646246842
898,0.2194343614534725
899,0.218826111955514
900,0.21864468641523763
901,0.2185770411023199
902,0.2185188951538496
903,0.21888751554755187
904,0.21945398952312478
905,0.21998799274591999
906,0.2204201354593228
907,0.22066839727334622
908,0.2209779182140625
909,0.2211715140473441
910,0.2211138291005523
911,0.221149953365689
912,0.22133767860484302
913,0.2215734303327221
914,0.25513732047786036
915,0.2230261546316502
916,0.22287338511704738
917,0.7565434634242992
918,0.31684401906042936
919,0.2489895486576893
920,0.24667231482932198
921,0.3454042558014372
922,0.24643450602607261
923,0.24426607461580105
924,0.2421349381922743
925,0.24024968379845305
926,0.23897233531605178
927,0.23740183311130567
928,0.23579854996630678
929,0.23386058024303036
930,0.23250663404548383
931,0.23132541988357727
932,0.23061863103449365
933,0.2292314403962667
934,0.2270842502835723
935,0.22524041158378597
936,0.22499943847351342
937,0.22466173934824232
938,0.22395616516283587
939,0.22308042358938318
940,0.22204335582673554
941,0.22184301674931572
942,0.22155539075648187
943,0.22109884296263155
944,0.22114337301158127
945,0.2207491524938557
946,0.22063923033913665
947,0.23997809582952692
948,1.4870112497211252
949,0.45831215267903264
950,0.2950647759950669
951,0.28292160150523116
952,0.27415904896193877
953,0.2679673981643384
954,0.26301900155703206
955,0.25916882607598446
956,0.2554519256389817
957,0.2524041394193009
958,0.2501183067326562
959,0.24778882145283854
960,0.24530148123882564
961,0.24295025553080019
962,0.2412030770866008
963,0.3916987153753679
964,4.0187954421302114
965,0.8570553409247257
966,1.1995806024969642
967,0.8544735844976413
968,0.5819602586785758
969,0.5014733232869777
970,0.6281358031933906
971,0.4499794445250983
972,0.42434153899604715
973,0.4034785629191733
974,1.0795484833998104
975,0.49367089754257487
976,0.42168261433176896
977,0.4049152182866906
978,0.39079146655500524
979,0.37848446802542407
980,0.36702255851326904
981,0.4123008319823858
982,0.3506574119380136
983,1.2389279090860421
984,0.5482896841254311
985,0.54093192860484
986,0.8693123818471807
987,0.5863878430417505
988,0.4191069274279755
989,0.8796015757016264
990,0.868514846202467
991,0.5125800269608259
992,0.403591182828306
993,0.35195041661980137
994,0.3280514865900452
995,0.5031368619324238
996,0.32952267946840064
997,0.28836018420392595
998,0.27228386251097303
999,0.2581223993242978
1000,0.24520397216905473
1001,0.23339877468545622
1002,0.22290136290025064
1003,0.21346981091725858
1004,0.20471353787248056
1005,0.1965034697000098
1006,0.18895226995452352
1007,0.18210002446403278
1008,0.5696438641912741
1009,0.18444752361449573
1010,0.1777563694724487
1011,1.558469335456891
1012,0.3514318621474515
1013,0.23377187868418203
1014,0.22026974872542684
1015,0.2092202933579855
1016,0.19945739043480917
1017,0.19082495592928936
1018,0.18321711074328006
1019,1.4079016404934193
1020,1.5611234572925523
1021,0.4314404588761488
1022,0.5247547651013684
1023,0.31835292770344437
1024,0.3617021758582893
1025,0.979102651582398
1026,0.3325421997643959
1027,0.307788373895832
1028,0.28845544432800874
1029,0.2721396227896993
1030,0.25794696596983835
1031,0.3555181791344705
1032,0.4785057838607165
1033,0.33050062290035154
1034,0.24146821237175609
1035,0.5346658194113789
1036,3.793916750155568
1037,0.8107044209684073
1038,0.6073802218924462
1039,0.5318665423151142
1040,0.5255942672550881
1041,0.44447851510003317
1042,0.4094243400270798
1043,0.38113227554500456
1044,0.3564449029707299
1045,0.33540091371814945
1046,0.31738850227722876
1047,0.3006803652801355
1048,0.39570887937019256
1049,0.5608991719789375
1050,0.411426562534519
1051,0.5902061516998622
1052,0.4612819654437723
1053,0.3144212718412281
1054,0.2781285111241792
1055,0.2664641614540392
1056,0.29700198525330446
1057,0.8192577929392565
1058,1.016756323245689
1059,0.6927268560310271
1060,0.7342443745438915
1061,0.41401388304304015
1062,0.35086363078316063
1063,0.6532867059098976
1064,0.4806450921612504
1065,0.36863519175516724
1066,0.3267800566325746
1067,0.31011336589983146
1068,0.717132563030622
1069,0.8968371271594628
1070,0.657825375384519
1071,1.5426839233463316
1072,1.5308151283164815
1073,2.2409651951449825
1074,4.110457168690099
1075,2.2523815163308236
1076,1.5069240381350313
1077,2.348863179360055
1078,1.4107770308646836
1079,1.2224285883719914
1080,1.1417115766705666
1081,0.999787252812805
1082,0.9303310722594067
1083,1.1329628026621348
1084,0.7952272805287148
1085,0.9120175904399175
1086,0.7108505987494931
1087,0.6647331927780596
1088,0.6253285542674669
1089,1.6018035084952584
1090,0.7805051853063385
1091,0.6526856117202849
1092,0.6143369467560644
1093,1.8731555821511658
1094,0.7941172658800736
1095,0.6990297182893573
1096,0.7492757846695272
1097,0.6297418421613135
1098,0.5976465282507637
1099,0.5686371345256093
1100,0.5417296716231595
1101,0.8285825960744995
1102,0.9132268413785649
1103,0.7123954631250238
1104,1.2593688078725516
1105,0.6085397061037202
1106,0.5751745101560893
1107,0.5450927205893984
1108,0.5168302614113072
1109,0.4932078197192993
1110,0.9578252683992022
1111,0.5293939395894519
1112,4.708761598469091
1113,3.257432377711575
1114,1.6753425725894235
1115,1.5039043814198392
1116,1.2504845528001962
1117,1.2433575196863265
1118,1.0123122682624823
1119,0.9199036409322213
1120,0.84369444768975
1121,0.8295046098997673
1122,0.7793910811776964
1123,0.7616057397312463
1124,0.6488070853837058
1125,0.6823195120793255
1126,0.6033053825385085
1127,0.542153615927335
1128,0.5086032163054762
1129,0.47868594164778916
1130,0.8961423678432334
1131,0.6025268840178839
1132,2.1010126499403348
1133,0.63715936490146
1134,0.5899752459668249
1135,0.5553687995261885
1136,0.525360931650244
1137,0.4982740904897717
1138,0.5655047308553429
1139,1.0872644691859095
1140,0.552046340366789
1141,0.48700996228810395
1142,0.46453798577363387
1143,0.4426006765715995
1144,0.42180554894545047
1145,0.40350820284628325
1146,0.3869497099465945
1147,0.37071564157772297
1148,0.3552683808157614
1149,0.3398422927013644
1150,0.32486042452548936
1151,0.31155694541201995
1152,0.2994799714090405
1153,0.28773156589979826
1154,0.5888096318729574
1155,0.36456000865116406
1156,0.35698537597462815
1157,0.26466712740137643
1158,0.25362848414788175
1159,0.2435948906734462
1160,0.23382806372587128
1161,0.22439448340713447
1162,0.21558842310014525
1163,0.2073802542756688
1164,0.19975106708761686
1165,0.19261370479122705
1166,0.18626334749224038
1167,0.18054669003680546
1168,0.17513826759769527
1169,0.17001614900052134
1170,0.8467852315766395
1171,0.18387115614137253
1172,0.1781955314688734
1173,0.8747006535564613
1174,0.5237151988853215
1175,0.2536046957397777
1176,0.20548121441990863
1177,0.1976354371603849
1178,0.1904607146473524
1179,0.18396312448421123
1180,3.284822019507365
1181,2.194211095661522
1182,1.0776622993195988
1183,1.5584534419140237
1184,0.7516963391229128
1185,1.4002507860126578
1186,1.8478144349506953
1187,1.0184929769901858
1188,1.9117960506676241
1189,1.0429265211702865
1190,0.9298429403461075
1191,0.7644006512598293
1192,1.87742273426629
1193,0.8545081001148437
1194,0.765619473722878
1195,1.3362463174097163
1196,1.1853708623840609
1197,0.8196479760763704
1198,0.7131123849117933
1199,0.7323224636786632
1200,1.4729508253339703
1201,2.3790067693417116
1202,1.0376336573214417
1203,0.8928066983612574
1204,0.8060246627702737
1205,0.7339060626780145
1206,0.6698387127053794
1207,0.6108313801689599
1208,0.6784188465389507
1209,0.5268801024972555
1210,0.4865142430459945
1211,0.4504119392943684
1212,0.419082425900655
1213,0.6568771430576481
1214,0.6546846749223468
1215,0.4552479631667726
1216,0.36794267456998125
1217,0.34725326269310164
1218,0.32807365445463305
1219,0.33536913751893355
1220,0.2943199274707998
1221,0.27896291307605936
1222,0.2652253501266201
1223,0.6206501157036386
1224,1.7139893272910607
1225,0.6499273116013108
1226,0.3558953708017126
1227,0.3291584411136013
1228,0.30717135267708023
1229,0.5014390054032717
1230,1.074496824420684
1231,0.5841884924622064
1232,0.4518207012451171
1233,1.447247525102335
1234,1.322695788170219
1235,0.7830544532379844
1236,0.8098753497369264
1237,0.5894617580566581
1238,0.464289519580516
1239,0.42578331539044206
1240,0.3931280264784365
1241,0.3617566831431064
1242,0.33244421550803166
1243,0.30844015080065545
1244,0.2893395057024869
1245,0.2731258416447547
1246,0.6681195067748238
1247,1.5445488424377949
1248,0.360120954308634
1249,0.3999315460837093
1250,0.31567481426801186
1251,0.2966855410361455
1252,0.3060371080040591
1253,0.620666442325266
1254,0.4771181092365743
1255,0.279537742681512
1256,0.2643080019459522
1257,0.9164748825366069
1258,0.660488630916639
1259,0.4305891657383999
1260,0.2934348419538524
1261,0.27557421185354297
1262,0.8699187873124938
1263,0.5811404380128716
1264,0.35444632425746997
1265,0.34528213059928625
1266,0.3371365831067572
1267,0.39996964434582755
1268,1.3169665041858085
1269,0.41142003236323305
1270,0.39312284504716777
1271,0.37895730419222834
1272,0.4595794714994018
1273,0.4914010596037904
1274,0.36335350250036097
1275,0.35345096584447555
1276,0.3442845422149904
1277,0.3372044727305604
1278,0.6000319528872269
1279,0.3386678927411615
1280,0.331807099917154
1281,0.765561159052284
1282,0.3820802863556385
1283,0.34091636286052374
1284,0.9212406431155142
1285,0.37160803544019455
1286,0.39563936821453904
1287,0.3740165681736934
1288,0.345037428869173
1289,0.3368930997845771
1290,0.329877426983455
1291,0.41417361768151095
1292,0.32194232530549155
1293,0.31582422729810156
1294,0.3096477488352813
1295,0.30492518788509615
1296,0.30067860407757757
1297,0.29624978616624065
1298,0.7106643113672395
1299,0.31036434550699865
1300,0.3051810433971925
1301,0.3004737916171197
1302,0.29559189573435724
1303,0.29051295147486234
1304,0.2858838770639844
1305,0.2820237646243627
1306,0.27821761814719403
1307,0.2744197823279376
1308,0.27174349915528784
1309,0.26940974925734024
1310,0.2668904889738475
1311,0.26404537355310076
1312,0.26138795010346083
1313,0.2593280158387306
1314,0.25713116863292795
1315,0.25507076094270437
1316,0.2533872731334863
1317,0.25226427705008936
1318,0.2848666063659937
1319,0.25074172927436444
1320,0.24850158800612582
1321,0.24633538536684135
1322,0.244142256478818
1323,0.24335751291675192
1324,0.5432233893027101
1325,0.25200638301799466
1326,0.24968771093434772
1327,0.24783700914251944
1328,0.24639952931781114
1329,0.2450124185554838
1330,0.2439069645518957
1331,0.2427796186512488
1332,0.24127366080159737
1333,0.23988531293794826
1334,0.23895008167046547
1335,0.4798906346608382
1336,0.244004334768201
1337,0.24283698815921165
1338,0.24139650055548056
1339,0.24018336231277962
1340,0.23930638998925566
1341,0.2383431099476172
1342,0.3924371148103785
1343,0.24180710059943009
1344,0.24094609340392703
1345,0.23986100872705396
1346,0.238781013161367
1347,0.37319731944098483
1348,1.5402780759252248
1349,0.3351334445224273
1350,0.3171331134787421
1351,0.30639714899273096
1352,0.299043738507548
1353,0.34756029836530067
1354,0.7789601551234762
1355,0.26054297577714897
1356,0.24049383940394545
1357,0.22478045988785236
1358,0.21180471367592807
1359,0.2009379299543492
1360,0.19161893943865807
1361,0.18337304055097783
1362,0.17593195131418063
1363,0.16901434474917407
1364,0.16250512889002006
1365,0.1564829623942438
1366,0.15096306200191642
1367,0.7525092818640798
1368,0.8438604073353972
1369,0.956335097105003
1370,0.7387810548504734
1371,0.26523753389490595
1372,0.24263371142657922
1373,0.2501498362768919
1374,0.6403433068823712
1375,0.23216682210502787
1376,0.25876422035041646
1377,0.20890730496269427
1378,0.305098805656598
1379,0.21992617780122176
1380,0.2698077780734251
1381,0.18476250439185946
1382,0.895143680473962
1383,0.36041365434935324
1384,0.23422991335655474
1385,0.19993322227511912
1386,0.21433313284827069
1387,0.28880385342426845
1388,0.1811234133643669
1389,0.1735706824755047
1390,0.16661138754525703
1391,0.5793857141236631
1392,0.17465303259026066
1393,0.20767555334791837
1394,0.1634165212227053
1395,0.18199148387621136
1396,0.8128503647611987
1397,0.28780010358327857
1398,0.7342771260190061
1399,1.1388248434418933
1400,1.954486220897906
1401,0.7408536690589674
1402,1.507013385975719
1403,1.3728176492623743
1404,2.8299816853622684
1405,1.0817483381240478
1406,1.2153165406016528
1407,0.8107438432348709
1408,0.704655774146911
1409,0.7456917202798211
1410,1.0653161113673082
1411,0.7007547333628377
1412,1.4274164374422649
1413,0.8890736061939888
1414,0.6459023839714457
1415,0.5895094303515025
1416,0.5419925959127969
1417,0.5015717591753096
1418,0.4661970495876051
1419,0.4357932438468373
1420,0.4098415220743395
1421,0.38684010138288466
1422,0.3660911515629689
1423,0.5679200618590166
1424,2.503235679371227
1425,0.6188686735457105
1426,0.8984254183732732
1427,0.7895061710284051
1428,1.0289392903991095
1429,0.6015798201386232
1430,1.281499970804826
1431,1.0166497807390442
1432,1.3570392227206558
1433,0.7478232636713794
1434,0.7119232408216513
1435,0.6358648710336923
1436,0.5924282568222827
1437,0.5550432301217442
1438,0.5218538141909583
1439,0.49148749304293043
1440,0.4647760109861403
1441,0.5132141318928983
1442,0.42522648367012933
1443,0.4046635239189922
1444,0.3867574299362447
1445,0.370401804575977
1446,0.3547554372466301
1447,0.3397089185638112
1448,0.828440253749406
1449,1.3818838560977433
1450,2.088864984425962
1451,2.3741284242125213
1452,2.5337364204930197
1453,4.0050479179013
1454,5.222562302127777
1455,3.939582586695779
1456,4.36136075213504
1457,3.977129686634802
1458,3.145892293204135
1459,5.156741268732816
1460,3.926466418740574
1461,3.4821885343957777
1462,3.410469278995311
1463,3.0245746132889413
1464,2.486174213387931
1465,6.168728853753491
1466,3.8045391244191453
1467,4.19532762536444
1468,3.2886888045746985
1469,6.489560181498054
1470,8.566034803828469
1471,6.134471790595999
1472,7.166145008517446
1473,6.969288275134932
1474,6.9001303949104225
1475,5.125803160582124
1476,6.624209495762765
1477,4.615185047335069
1478,3.9996710011259706
1479,3.567209599191715
1480,3.8366840314061257
1481,3.038849857934082
1482,2.5933911818679394
1483,2.332789142125804
1484,2.054485582459439
1485,2.2495556842790094
1486,1.9672326591746856
1487,2.02949617568618
1488,2.574383617104638
1489,5.837159218446257
1490,6.152199118931105
1491,5.358869355144779
1492,5.204828561152519
1493,5.2134562447449975
1494,4.60813271923859
1495,5.313352527879806
1496,3.830639399787427
1497,3.352877452710066
1498,2.932516619669098
1499,2.9799435082173873
1500,2.387647589084287
1501,2.135798410602659
1502,1.9193405539037793
1503,1.734718773042232
1504,2.6549882477256546
1505,1.6942253123955393
1506,1.5315272851516188
1507,1.4247934675441205
1508,1.3310532580426786
1509,1.2500129594116063
1510,1.171814544531707
1511,1.099117224190641
1512,1.0287717476665292
1513,1.2368983826891728
1514,1.8424014405100106
1515,1.0732482365422211
1516,0.9478196360975907
1517,1.0205776413984442
1518,1.0495795547289455
1519,2.4735192442522314
1520,1.0536184588360362
1521,1.1269067663813288
1522,0.9343994171449687
1523,0.8728228585419584
1524,0.8647640053673378
1525,0.7978783790952211
1526,1.100744251625942
1527,2.0749946655102227
1528,0.9637474185138738
1529,1.171616809144692
1530,0.8649405326939583
1531,0.8142086676411115
1532,0.7670341803160203
1533,0.7498340247697234
1534,0.7591327640161802
1535,0.7978102137197152
1536,0.6621129453656442
1537,0.6034060408431272
1538,0.5726417192389175
1539,0.5430369635353419
1540,0.5421201720626555
1541,0.8913410770765563
1542,0.4941961948687858
1543,1.0896286447930366
1544,0.5273186922930345
1545,0.4773961105735329
1546,0.4530101371526422
1547,0.7033828041603891
1548,0.4302694598027713
1549,0.40873365881466145
1550,0.5229643170930096
1551,0.8669831947202321
1552,0.401091039310491
1553,0.680354133644443
1554,0.3880845830721408
1555,0.39608799279598533
1556,0.3539993965524111
1557,0.3375031372794709
1558,0.7996755988968054
1559,0.5664977794748022
1560,0.3442696980397592
1561,0.32819608045986126
1562,0.40124635310265855
1563,0.8301904512165994
1564,0.40411194390347926
1565,1.153117591787417
1566,0.4784630618749726
1567,0.4009500673398097
1568,0.3563391051959216
1569,0.33728760322790735
1570,0.4335250688147155
1571,0.7260941789429398
1572,0.33271611613859053
1573,0.31640822227677645
1574,0.3004586507902231
1575,0.28563964070313025
1576,0.27300185931127774
1577,0.26124016071209555
1578,0.24947676460969764
1579,1.4235584065577969
1580,0.30997785879054673
1581,0.29298158921604134
1582,0.2789079572914076
1583,0.2664834388846091
1584,0.25431851617924495
1585,0.2424886112474823
1586,0.274004636805727
1587,0.25056824857318366
1588,0.21869819497017012
1589,0.21120195060201633
1590,0.20396513818159293
1591,0.23822527476539593
1592,0.19220246334995897
1593,0.186159399479192
1594,0.18032135535228797
1595,0.17430088837488086
1596,0.16806174259885712
1597,0.1622662727567788
1598,0.1570667637807307
1599,0.23293459311657502
1600,0.15025454987441794
1601,0.22659428228654177
1602,0.4393034955316548
1603,0.48676186126207976
1604,0.4032364586763994
1605,0.1857795071374518
1606,0.1968271704193865
1607,3.869549871559526
1608,1.6629535487498093
1609,0.6001468528569078
1610,0.4621244738511182
1611,0.5266827657046432
1612,1.3386395195244822
1613,0.9652051993326659
1614,0.4947748666953751
1615,1.8381442031435609
1616,0.592239255873032
1617,0.5033078848133967
1618,0.44474593157939446
1619,0.8325961103764803
1620,0.5043530223448289
1621,0.3870582291682952
1622,0.35185034573655133
1623,0.8120576715170066
1624,0.42459648873523786
1625,0.31837795837299354
1626,0.29402452216935926
1627,0.4678579640347846
1628,0.32548920248299545
1629,0.3190998855985163
1630,0.3132753355256774
1631,0.30794019308733667
1632,0.30290750517539505
1633,0.29849833323444974
1634,0.29422388719228065
1635,0.28944493601800686
1636,0.2840343954079008
1637,0.27770203320008335
1638,0.2721423439441643
1639,0.2685435462968914
1640,0.26480741474426706
1641,0.26050599962099313
1642,0.2566237608032158
1643,0.2527565968094273
1644,0.25002022859271245
1645,0.28250951911796746
1646,0.24881516792850486
1647,0.26838655641793235
1648,0.24702692443204144
1649,0.2450165843252651
1650,0.2428808975836686
1651,0.24173422415147852
1652,0.2406362565129005
1653,0.2595402417180286
1654,0.27226716065845924
1655,0.23731715592338085
1656,0.23565353105182696
1657,0.23413749610891096
1658,0.23326880712258655
1659,0.2328786030794355
1660,0.23228137364489015
1661,0.2310578420985798
1662,0.22861295332294176
1663,0.22585200744212974
1664,0.223535245846077
1665,0.22160615770276273
1666,0.2210117215633943
1667,0.22016675554104487
1668,0.21911048445063944
1669,0.21885426310456732
1670,0.21868776012111957
1671,0.2517409641039711
1672,0.21870433819739893
1673,0.21796521564297378
1674,0.21715699249338802
1675,0.2168087830856124
1676,0.21691585183412704
1677,0.21659634061190314
1678,0.21617390507926662
1679,0.21570039748855116
1680,0.2155449689296526
1681,0.2153674013616204
1682,0.26857538463884223
1683,0.21685458776270383
1684,0.21676356542990793
1685,0.2160595032262018
1686,0.21511770520259668
1687,0.21479653315419717
1688,0.21449830999364486
1689,0.2144463969741218
1690,0.2141551947952719
1691,0.21385526830151377
1692,0.21343981594428668
1693,0.2132029797478825
1694,0.21359683124658851
1695,0.21415728310083726
1696,0.21428017228240612
1697,0.2139678286344152
1698,0.21331670158288712
1699,0.2123079847145477
1700,0.21175794727833475
1701,0.4515292574551689
1702,0.2521340997582402
1703,0.219411384147955
1704,0.21807546323423233
1705,0.2164450349685798
1706,0.21548551097097843
1707,0.21503950903105748
1708,0.21472433089194248
1709,0.21423685784165308
1710,0.214391754619375
1711,0.21460069920409924
1712,0.47029283998222743
1713,0.22249238995986978
1714,0.22180541203506443
1715,0.22110311780428551
1716,0.24095926925388061
1717,1.2101539907224366
1718,0.30382915938588057
1719,0.3087464498816904
1720,0.21509101977468412
1721,0.8612111985726378
1722,1.226276230140241
1723,0.7660324999674397
1724,0.6914214619586594
1725,0.3221367769377746
1726,0.2881744673228797
1727,0.2627281306133654
1728,0.24239150218535566
1729,0.22562133520568464
1730,0.21125113812560667
1731,0.19896459043085277
1732,0.18850386960013985
1733,0.17979141769229623
1734,0.17225750590107913
1735,0.16541541717032363
1736,0.15923039560462615
1737,0.1534238803030671
1738,0.14793950208205423
1739,0.1826676639583021
1740,0.13993513172922942
1741,0.13572028225782362
1742,0.13166584693323657
1743,0.12786796147302293
1744,0.12428843783449676
1745,0.12082682101705831
1746,0.11759065613288673
1747,0.19370259964875067
1748,1.2542153686256268
1749,0.19272828122861524
1750,0.1474744673727754
1751,0.7123065167178981
1752,0.7395309912689974
1753,0.19384998660906752
1754,0.18049221504520835
1755,0.1703873548096637
1756,0.16230411493162916
1757,1.2253365050463378
1758,0.21915953023659315
1759,0.20219831340577052
1760,0.1895485712832867
1761,0.17953030125373348
1762,1.021744121327477
1763,0.22226248818585428
1764,0.208440132391332
1765,0.19738575001133554
1766,2.462065864353647
1767,1.6226738639494003
1768,2.6544839554041064
1769,2.299919598843846
1770,4.317006269382725
1771,4.278134545372288
1772,3.108500832780044
1773,2.3592490954552536
1774,4.03234034160287
1775,2.309714618536706
1776,4.7549045151047835
1777,3.359465061211157
1778,2.484338216579171
1779,4.8084374672943975
1780,2.904668463119602
1781,2.3788135270965474
1782,2.0448430792068626
1783,2.98400864186366
1784,3.668908888293538
1785,5.094784495020067
1786,5.580041155268843
1787,4.609509005623564
1788,3.562865944687954
1789,3.0570950970576565
1790,5.152430744261347
1791,3.6487617231809315
1792,3.0677062954333962
1793,2.7542483826836133
1794,2.7382612794750574
1795,2.4222183739718934
1796,2.0778211798638258
1797,1.876033588705209
1798,1.693532326819408
1799,1.5308162232111304
1800,1.3905946245619163
1801,1.2698565513571975
1802,1.1954709576224443
1803,1.440794948388247
1804,1.318408212166985
1805,4.472908180350598
1806,2.7641856021954827
1807,2.237286243553964
1808,10.8182455703719
1809,5.712356296125189
1810,4.478948383180653
1811,3.763607055223983
1812,3.2293184516316917
1813,2.9905216231410536
1814,3.835759666093619
1815,3.5089105410751156
1816,2.5933733557019414
1817,4.126908401628029
1818,5.677277890288813
1819,3.721829208284635
1820,8.451370741190233
1821,6.375380565876188
1822,5.092912448117687
1823,4.324272221953146
1824,3.687577672605688
1825,3.1750395938797054
1826,3.2594651776844685
1827,5.430857443507451
1828,3.9918689128533607
1829,3.3375577636707026
1830,4.924183643026382
1831,3.455905318199062
1832,4.70004438366274
1833,3.3509217568727343
1834,3.503107860369315
1835,3.436427509613075
1836,2.7518236270559857
1837,2.5149519814426715
1838,2.3001187471612545
1839,2.105131537573395
1840,1.9278232540352769
1841,2.0454655657739
1842,1.90612144193481
1843,2.0845398360867784
1844,1.818011286860111
1845,1.4760532269486684
1846,1.3675759489873813
1847,1.2633097766787624
1848,1.1643957023237061
1849,1.0770954264586792
1850,1.0046815877619903
1851,0.9420285161123398
1852,0.8812701568141537
1853,0.8258844166363339
1854,0.7795271849952357
1855,0.7371437610058865
1856,0.6959096221134239
1857,0.6573081863836948
1858,0.6225622077215411
1859,0.8597880111379561
1860,0.7204886269785512
1861,0.558545325580755
1862,0.7443239791609175
1863,0.6546813057833575
1864,0.525259650645971
1865,0.5460960210402864
1866,0.544688252308531
1867,0.9567036266933282
1868,0.49824960759676984
1869,0.4345431611413928
1870,0.5984017900117039
1871,0.4810350592884549
1872,0.4393601487739885
1873,0.6483548617568163
1874,0.4072034261248591
1875,0.7413745591445149
1876,0.5161219222757762
1877,0.3748912215923605
1878,0.5399203595553739
1879,0.38555260247592316
1880,1.3788382655878573
1881,0.786576708235251
1882,0.49264083831914557
1883,0.5209537472656642
1884,1.1328018520543488
1885,0.48567579709437664
1886,1.2838683293652386
1887,1.0487660761721584
1888,0.5850935502878643
1889,0.6324823792623107
1890,0.5105007138820982
1891,0.8809626980713506
1892,1.5731654800111945
1893,0.6285230073626564
1894,0.7652288617106641
1895,1.451212791340435
1896,0.9572749148712155
1897,0.6579002523243103
1898,0.802237257887849
1899,0.6266068443723337
1900,0.5597025535852528
1901,1.0758228915353902
1902,0.5557513438703116
1903,1.4673391122417616
1904,0.8175473537283829
1905,0.6099305207890107
1906,0.9647647101492967
1907,0.7098773851594867
1908,1.2359171768699064
1909,0.9174003311100367
1910,0.6522885505425161
1911,0.7559307501174286
1912,0.5699559058876903
1913,0.532473167606366
1914,0.637108419292081
1915,0.5574034983607496
1916,0.5108540343821659
1917,0.44589080741140014
1918,0.4236682620126859
1919,0.40167135205237847
1920,0.3780876219391782
1921,0.35423714285289903
1922,0.37722802316806564
1923,0.4770001535805861
1924,0.6787532332322362
1925,0.3676760467318252
1926,0.31260328343836713
1927,0.2991491508588047
1928,0.6042854006783079
1929,0.7669878849219645
1930,0.6377806855107965
1931,0.4427028891663759
1932,0.9519804875283931
1933,0.8347189032921846
1934,0.3938051349967158
1935,0.3682854619114207
1936,0.4183767898664022
1937,0.4047142298058314
1938,0.3223642503730697
1939,0.39290483145755173
1940,0.3408277450931183
1941,0.31250847620539557
1942,0.27498997455294283
1943,0.2624688877788696
1944,0.2514362156104678
1945,0.4812625949059235
1946,0.28711062313835645
1947,0.6790529879952019
1948,0.25475807887643365
1949,0.3119399443154933
1950,0.23863380651854055
1951,0.2291269529376278
1952,0.21934110490888492
1953,0.20979790140216956
1954,0.2017598720534559
1955,0.1948957936363396
1956,0.1884549994438707
1957,0.18241893934138614
1958,0.17687199016968613
1959,0.17154619033622245
1960,0.16583860100296147
1961,0.16041597269657962
1962,0.1557806626536763
1963,0.21591324937683795
1964,0.22978253381484656
1965,1.2914168066077318
1966,1.1293382373088072
1967,0.24552040506668252
1968,0.2250130168752182
1969,0.21028599225189737
1970,0.19758638708512033
1971,0.18651092211848858
1972,0.49515399481761807
1973,0.18622861990637637
1974,0.17651214500328874
1975,0.16661765804445522
1976,0.15746440218202745
1977,0.14970074754291648
1978,0.14263618004338283
1979,0.1364254063710226
1980,0.21099448247812289
1981,0.4220718273999275
1982,0.19944776170957276
1983,0.15704358176942187
1984,0.1295185043560775
1985,0.5989193933387514
1986,0.1376998715418009
1987,0.13237760509562385
1988,0.12762716866157003
1989,0.12313722723665403
1990,0.11899860421155181
1991,0.5277864635022719
1992,0.2068337657318458
1993,0.2420669341008795
1994,0.29884694662916295
1995,0.18152286204907736
1996,0.18155643077289146
1997,0.18189821598348535
1998,0.1828917596763343
1999,0.18399513371809192
2000,0.3735124596191916
2001,0.22486632667171105
2002,0.19231927849706743
2003,0.19244514434266558
2004,0.3598767066982307
2005,0.23090622510216138
2006,0.1983016546089146
2007,0.1977112964548925
2008,0.1965766823014316
2009,0.19607938381100073
2010,0.19627403088514578
2011,0.19644360316797596
2012,0.19669156233544327
2013,0.19693674806854422
2014,0.1973813803661693
2015,0.19755621550784286
2016,0.19642545606395606
2017,0.1946135091566799
2018,0.19455757723266678
2019,0.21407790821817743
2020,0.19438070042238598
2021,0.19368274647530218
2022,0.1930786610123658
2023,0.24593286239744547
2024,0.7615807397649462
2025,0.22154256247385798
2026,1.1056260334512054
2027,0.6867968578491722
2028,1.1917847386957785
2029,0.48061075829793615
2030,0.33556425998679495
2031,0.31658563900147546
2032,0.3034341812002724
2033,0.2926290361150312
2034,0.28338635847215393
2035,0.2966507947481963
2036,0.2716003160480447
2037,0.2662489293835334
2038,0.26098400737622546
2039,0.2558724120478509
2040,0.35274966671153407
2041,0.25322251864929113
2042,0.25024938198466756
2043,0.2478122766962608
2044,0.2458093791076375
2045,0.46535930173868256
2046,0.24950234156592724
2047,0.246971959686406
2048,0.24477547862259566
2049,0.24249969675460448
2050,0.24040332260556177
2051,0.2381581100997253
2052,0.23570904167734283
2053,0.23370878977590562
2054,0.232339140383104
2055,0.29808045140494066
2056,1.085919643685795
2057,0.8739993250596653
2058,0.31780545235063745
2059,0.30330806351729855
2060,0.2937755524359159
2061,0.2858727388259928
2062,0.4360888171193724
2063,0.5439726269683534
2064,0.2884733313144729
2065,0.28239877798721447
2066,0.27645573699798986
2067,0.2708084747657029
2068,0.28701019631798247
2069,0.26407534665707594
2070,0.2602414559965873
2071,0.344242772077176
2072,0.9267903541736806
2073,0.29652362620505923
2074,0.2888698483620546
2075,0.28336369743797396
2076,0.2788408390905358
2077,0.27452419467518707
2078,0.2699443176187142
2079,0.26595711126277766
2080,0.2630994479640088
2081,0.2604167830215213
2082,0.2578405202762143
2083,0.25550973464992477
2084,0.6672983850927656
2085,0.4256462089715893
2086,0.21799278324278878
2087,0.20474833627894895
2088,0.1939959661977779
2089,0.18461125502515902
2090,0.32295521600232074
2091,0.17595145787158661
2092,0.1687379664241918
2093,0.2428684963663376
2094,0.15957000644014818
2095,0.8255831645364781
2096,0.26098268775566213
2097,0.2405912623878543
2098,1.9474875082209098
2099,0.5446192141347305
2100,0.5470974437332763
2101,0.37300588363888193
2102,0.52787736196396
2103,0.2760226377383108
2104,0.2978713718171408
2105,0.7614153967044599
2106,0.3385045113709319
2107,0.2829964687349286
2108,0.2845856167549296
2109,0.2324628410335096
2110,0.22031463984929406
2111,0.20957520029576798
2112,0.19980399898454757
2113,0.4215169117023706
2114,0.26060189617169965
2115,0.6763879434734218
2116,0.4616153180820228
2117,1.6904391827409244
2118,0.5242855202479096
2119,0.7517260480821188
2120,0.34819924844066896
2121,0.3138018812021108
2122,1.2017051178128426
2123,0.3701017810772509
2124,0.3388837149785629
2125,0.3150188861729467
2126,0.29469653687802216
2127,0.2773814659226102
2128,0.2625431066288289
2129,0.2498655955916918
2130,0.23853975584424567
2131,0.22822564211576363
2132,0.21819895702337325
2133,0.20865912884112284
2134,0.20030397147209186
2135,0.1926765524563017
2136,0.39148974424808314
2137,0.2692792203379235
2138,0.49853890367837816
2139,0.3164537750324614
2140,0.2574444662742545
2141,1.162855936251357
2142,0.24686217065974778
2143,0.4265674853854455
2144,2.070366156189134
2145,0.82832359516467
2146,1.2381168219606042
2147,0.5135588656043768
2148,0.5895112793458733
2149,0.4596104904592945
2150,0.4027002594412803
2151,0.3752747130028565
2152,0.3522918499461287
2153,0.3323390631179211
2154,0.3145821084858487
2155,0.9619893639382975
2156,0.3441568494029665
2157,0.844595391147625
2158,0.3614832745354211
2159,0.34029130001539626
2160,1.1560872389889718
2161,4.270445142882526
2162,44.37032720988179
2163,9.799433712303529
2164,5.3072538097936865
2165,3.7464759250989874
2166,2.981839569991497
2167,2.5096559886894587
2168,2.2281239359673046
2169,1.9887585964740844
2170,1.7577284793651384
2171,1.585416007823536
2172,1.678171911855568
2173,1.3954318128409868
2174,1.5747070866792499
2175,1.8752480407580665
2176,1.8299231172909587
2177,2.3344467390801382
2178,2.2050072028711782
2179,1.9703694606225457
2180,1.5149154277995964
2181,2.366699618352496
2182,2.567618970582829
2183,1.7004852734093712
2184,2.0878218688368624
2185,1.6116686176090644
2186,2.242940354908761
2187,1.6307019326247243
2188,1.661463471715742
2189,1.3811827273310082
2190,1.280223829470836
2191,1.1856352297683106
2192,2.4026366041027494
2193,2.9360702330812933
2194,1.8697502303107418
2195,1.7514222948783873
2196,1.8900142721842654
2197,1.6602922320470672
2198,2.23393688904396
2199,2.1415429087175775
2200,2.4069296870691996
2201,1.7060568427430642
2202,1.9778446968857344
2203,1.5005826516152867
2204,3.283168660751521
2205,1.8940908926465279
2206,1.676396737302389
2207,1.547003672297165
2208,1.4301201243097286
2209,2.566587088789136
2210,1.760025506136317
2211,1.457259929516895
2212,1.3612509245737734
2213,1.2717703122251036
2214,1.187476527098671
2215,1.1123080323118184
2216,1.2810193128445877
2217,1.01542359520613
2218,1.3429105253037776
2219,1.2572823815299816
2220,1.141399836627572
2221,1.1445768753756873
2222,0.891025697849894
2223,0.8392866540434897
2224,0.7931349538955325
2225,0.8488828675466527
2226,0.9654383848358168
2227,1.3183056916648503
2228,0.7751054259981066
2229,2.5854912950745046
2230,1.5702155242647935
2231,1.2262165556205344
2232,1.0414971392622618
2233,0.9767322753206925
2234,0.8730138972438608
2235,0.8198287430979733
2236,0.8205587455773904
2237,0.7325500192751203
2238,0.6905496861802043
2239,0.6516903817837894
2240,0.6161932587797324
2241,0.5824700726106036
2242,0.5504287082114755
2243,0.5473676198047767
2244,0.49281107284863396
2245,0.4657539359717099
2246,0.44054234845123025
2247,0.4175848332425613
2248,0.5127138048230827
2249,0.3831828415988212
2250,0.5675704034284229
2251,0.38360202167596397
2252,0.34341792962071854
2253,0.4888244340797452
2254,0.324912028646851
2255,0.31238975468342495
2256,0.3439082429632365
2257,0.33394542697807383
2258,0.2815260642171514
2259,0.27060419540249075
2260,0.7229049120903248
2261,0.3845329897542645
2262,0.2939380829064976
2263,0.9477360947112197
2264,0.8220908999575481
2265,0.839889873157559
2266,0.9770444530017081
2267,0.4059296152633989
2268,0.44881433147536576
2269,0.5430277542617835
2270,0.7372196490757497
2271,0.3823348249245262
2272,0.36050657118538143
2273,2.032612793009171
2274,0.5454481647695686
2275,0.889542771992449
2276,1.0160731533086338
2277,0.5587113449211506
2278,1.95176330336851
2279,1.3800538088767256
2280,0.8827036073824391
2281,0.8320811761983558
2282,0.6855113703739094
2283,0.6308427405420205
2284,0.5848623097052
2285,1.5029918832146996
2286,0.7779102002602939
2287,0.7940935398337956
2288,0.6473060522919036
2289,0.594122484424145
2290,0.5341300993118636
2291,0.49995684434181525
2292,0.468515647757601
2293,0.43630583965120545
2294,0.5881366130903936
2295,1.1927037436648709
2296,0.693203760588659
2297,0.4870213267349463
2298,0.5080249337557946
2299,1.2718411940111352
2300,0.7665846886306791
2301,0.724396514739757
2302,0.5978521695765664
2303,0.511367170345013
2304,0.5951221717891028
2305,0.44472588820124165
2306,0.41939723287487435
2307,0.39609595583074664
2308,0.506918771608876
2309,1.1343432831542206
2310,0.863329208262819
2311,0.47121985377313097
2312,0.5561548151486706
2313,0.40915031414306186
2314,0.566863842925611
2315,0.381931318611368
2316,0.359527021946282
2317,0.3397640844463585
2318,0.3230182914318719
2319,0.30785329942371487
2320,0.2939338477535174
2321,0.2807362397093278
2322,0.2939076609402812
2323,0.2586901019077826
2324,0.9011493110188975
2325,0.2997005465436791
2326,0.2618345688686255
2327,0.24815131232707366
2328,0.234496187965263
2329,0.2222079622937989
2330,0.3191579012071277
2331,0.6127240742039978
2332,0.3716791769121458
2333,0.24486727390568566
2334,0.3210039810021124
2335,0.23382595798934738
2336,0.28337224932304056
2337,0.19649048710306685
2338,0.18781872392317367
2339,0.17961227257882353
2340,0.17225205053796377
2341,0.16541063158818292
2342,0.15897879415802083
2343,0.15296491970347526
2344,0.22848002257919667
2345,3.0086243289973233
2346,0.38887301746983327
2347,0.5127733825400961
2348,1.0653113374218797
2349,0.4392518875518985
2350,0.34886581834237285
2351,0.6121597048277894
2352,0.550450986919054
2353,0.33114528280416494
2354,0.28232637816770256
2355,0.26105740805126926
2356,0.24374654560828485
2357,0.280479293301363
2358,0.2745157210494456
2359,0.32635580740616926
2360,0.2702485164894261
2361,0.2667932632354279
2362,0.2627146569674845
2363,0.25833713365912386
2364,0.25517448945154003
2365,0.25314261487994333
2366,0.25122033772436697
2367,0.24894692190581155
2368,0.24705966175875643
2369,0.24442686116042314
2370,0.24083749892737127
2371,0.23641715642467062
2372,0.23270378458536953
2373,0.23030791188656982
2374,0.2826505035500861
2375,0.8101760530368356
2376,0.2564587554726627
2377,0.252598152255919
2378,0.27033689568931424
2379,0.24823211751889768
2380,0.24538569851096234
2381,0.2422674944371491
2382,0.24019208643891782
2383,0.2383088373617544
2384,0.23570368302759126
2385,0.23277833670850342
2386,0.23050609742448155
2387,0.22829309920444626
2388,0.22691784484102906
2389,0.22640577262739323
2390,0.22607579005833875
2391,0.22554483667252456
2392,0.22488691878845762
2393,0.22392183471315089
2394,0.22357038193233705
2395,0.22331092171301495
2396,0.22264931312682776
2397,0.2216870079680529
2398,0.22064648544134083
2399,0.2531649355502538
2400,0.21956180775816475
2401,0.25252385241970104
2402,0.21918448323572032
2403,0.586658408411734
2404,0.3327636777861771
2405,0.23270386876830126
2406,0.23134147994858445
2407,0.22960737802377199
2408,0.22765718405608498
2409,0.22560098364001896
2410,0.2240954992237134
2411,0.2231658012547918
2412,0.4442074361639936
2413,0.22779543065041546
2414,0.22588929132839503
2415,0.22416862374428007
2416,0.22243632752811807
2417,0.22010043459012033
2418,0.21714489844048196
2419,0.21520061226621498
2420,0.21380040625356694
2421,0.4008706552059176
2422,1.1010022887394892
2423,1.3627786258772239
2424,0.37745715066795155
2425,0.3305911768630844
2426,0.31353848679985363
2427,2.0707078522831033
2428,0.8048327652892417
2429,1.1531745991250826
2430,0.5653456557920842
2431,0.46740119051656237
2432,0.43325097145503483
2433,0.40915426053580695
2434,0.4611603149191852
2435,0.38046158989191997
2436,0.36735066137521244
2437,0.356384512833237
2438,0.3460206159147684
2439,0.33629117759440713
2440,0.32753625357581695
2441,0.31952834270723557
2442,0.31219691324888477
2443,0.3061515024701863
2444,0.3008879642751017
2445,0.2957180833850047
2446,0.2907823443260752
2447,0.28613982232573026
2448,0.2820511480074955
2449,0.2777659035598195
2450,0.21984529185793836
2451,0.20725496702776938
2452,0.19681010204312144
2453,0.18781771502138833
2454,1.349470539356821
2455,0.36378565964855825
2456,0.23135804543803185
2457,0.21762564538064177
2458,0.4805408993764317
2459,0.361726485193426
2460,0.21075572628745173
2461,0.1998793962442672
2462,0.19052868652144986
2463,0.18197779065073766
2464,0.174261158883241
2465,0.1672856708144739
2466,0.24071208393733823
2467,1.0609516730388857
2468,0.3623580097502204
2469,0.2378792108955502
2470,1.111098328317383
2471,0.28781585247981145
2472,0.2721169146071098
2473,0.5411128313143808
2474,0.23233179379009658
2475,0.21907775937565688
2476,0.20794730844422135
2477,1.0294785821921717
2478,0.2727501241852683
2479,0.6723626090442603
2480,0.28197816287042704
2481,0.2659753613962132
2482,0.22872370056599492
2483,0.21724852577733803
2484,0.6103250559290736
2485,0.224390624244767
2486,0.21303953566843742
2487,0.2689397831585287
2488,0.19883588429646654
2489,0.19072299156807232
2490,0.18306203083401565
2491,0.17604510054814151
2492,0.16965329851597133
2493,0.1636836959737297
2494,0.15809009222128398
2495,0.8738796751113002
2496,0.8666120465435856
2497,0.6934243890953264
2498,0.9069222086018672
2499,1.8595221848099477
2500,0.4748651717301707
2501,3.313701905582458
2502,2.539258007876518
2503,1.6931478912054256
2504,1.3704216009438472
2505,0.9643011214268808
2506,1.512647047871487
2507,1.811990058334642
2508,1.069718932111047
2509,0.8684068503293355
2510,0.7688569082303217
2511,0.6893327183817678
2512,0.6235314249544833
2513,0.6600769491185097
2514,0.5346702470286061
2515,0.9859753941501278
2516,0.8695876983958749
2517,0.553575429027076
2518,0.4944415923361459
2519,0.4639180373802076
2520,0.6898417813505385
2521,0.438133159224035
2522,0.4143287119080656
2523,0.5062305676915315
2524,0.44797518260971186
2525,0.43080948640262173
2526,0.502706236503188
2527,0.5408112879368602
2528,0.3382788832907762
2529,0.32270235275618286
2530,0.30862610889657865
2531,0.2954529707307348
2532,0.5964632406146976
2533,0.8092015177236694
2534,0.6561308007589582
2535,0.35943511003018547
2536,0.3187481800819565
2537,2.0502256394167193
2538,1.6150246951219362
2539,0.6564011831259734
2540,0.5889428321075314
2541,0.5466140412784115
2542,0.5121408892039699
2543,0.4824792574301605
2544,0.4588657905004942
2545,0.4391948177178465
2546,0.42054246829176767
2547,0.4023710239685815
2548,0.38550130272105726
2549,1.3456720690113777
2550,1.6942376904864216
2551,1.7240952751464507
2552,2.449619685128417
2553,2.126536856505181
2554,1.9102528586538576
2555,1.4766950465655115
2556,1.3334172188733495
2557,2.092461377518473
2558,1.4111568240874324
2559,1.1655027206424204
2560,2.2835676237364524
2561,1.7820246513831024
2562,2.064925661664741
2563,4.847711004506599
2564,3.4981553981259546
2565,2.443549565931519
2566,3.1240958933909417
2567,2.4372971404847115
2568,2.0233379100434923
2569,1.7474101032887692
2570,1.5644855841388128
2571,1.419163011208946
2572,1.2994192200742574
2573,1.1951378020888206
2574,1.0977919157513034
2575,1.0133353868547086
2576,0.9439655553951914
2577,0.883176744817757
2578,0.8286123040146751
2579,0.7785517467354465
2580,0.857305887590895
2581,0.7996215153317238
2582,0.6770966503359235
2583,0.8813344958262708
2584,0.6274077143480404
2585,0.5915546894652275
2586,0.652173283888026
2587,0.5370946783200843
2588,0.5105222851180337
2589,0.4840007072438462
2590,0.45861177514534
2591,0.436083037945773
2592,0.4419226855223588
2593,0.6056230443661169
2594,0.39241155537013517
2595,0.46533342652870713
2596,1.2157118569847318
2597,0.9903137171993199
2598,0.4518245620523155
2599,0.42970758392626823
2600,0.41050669675454454
2601,0.3925371746505562
2602,0.40305775384594705
2603,0.3629385051870056
2604,0.3472491721607742
2605,0.3321633471127754
2606,0.31824804102466986
2607,0.30548899459993295
2608,0.2934147863093174
2609,0.5700403801746502
2610,0.7544353050924797
2611,0.8070937849341808
2612,0.9904923002318058
2613,0.7371115761547424
2614,0.40088183461915905
2615,0.37646286489268016
2616,1.1565072195662458
2617,0.7771285395219916
2618,0.7951196637827113
2619,0.4565320067049986
2620,1.3884144897500337
2621,0.5394838381632779
2622,1.1275358928401937
2623,0.6126565206428296
2624,0.5790457366785202
2625,0.5066070479564178
2626,0.47866483715487695
2627,0.45256334322009806
2628,0.42749037098335674
2629,1.1026774271998014
2630,1.045650597401792
2631,0.7983486096093872
2632,0.7376684773327801
2633,0.5418751209761367
2634,0.6033549726340015
2635,1.1499543036393658
2636,0.5310147019877919
2637,0.5710956859619771
2638,0.568955346721429
2639,0.8452295351419166
2640,1.7077839430363129
2641,0.6421808819566842
2642,0.6335835470346345
2643,1.92151695944766
2644,0.9981950011882892
2645,0.7358245913770781
2646,0.948393341284061
2647,2.0365462531625673
2648,2.964430248026338
2649,2.447315863106344
2650,1.5017201766568953
2651,1.2739023927272601
2652,1.1071632764357833
2653,0.9841413009336472
2654,0.8900247534556527
2655,0.8596666231991982
2656,0.7991772289461592
2657,0.776211740475253
2658,2.3708674275977
2659,1.1262436820441202
2660,0.8598314708762054
2661,0.794441995758771
2662,0.7845855540838219
2663,1.1374839313058673
2664,0.7022955879416062
2665,0.6798249477525868
2666,0.6053273907218713
2667,0.5595683726768209
2668,0.6439348368894467
2669,0.5976004509068099
2670,0.48593997702749514
2671,0.45935688527364876
2672,0.4343753656684307
2673,0.41046958830679287
2674,0.8979882755816458
2675,0.4046122639093688
2676,0.382437387265845
2677,0.3607076801874495
2678,0.9769120284520416
2679,0.3681976441502044
2680,1.168065766356441
2681,2.645172999992936
2682,1.88263835890976
2683,1.0604514140645438
2684,0.8718783836326124
2685,0.7222995635816515
2686,0.7022553892740644
2687,0.7281301049290059
2688,0.6698492817281816
2689,1.3651885269160475
2690,0.9450931457262922
2691,0.6242836279309337
2692,0.5705920660715093
2693,0.5216842704127606
2694,1.6567969790426818
2695,2.4059542619085192
2696,0.9073716476206506
2697,0.7886506421758271
2698,0.7088254294410424
2699,0.6444889900099725
2700,0.5904548922725746
2701,0.5439074260543298
2702,0.5012000453008741
2703,0.46233916942024994
2704,0.42728649111093403
2705,0.39288538523438415
2706,0.3610814031018305
2707,0.33324582462832836
2708,0.3078017057247772
2709,0.28325926530844725
2710,0.2617581019832781
2711,0.24372431672786501
2712,0.22804983008005478
2713,0.21514613123052947
2714,0.20356769204516617
2715,0.19272752545164107
2716,0.18257311471289003
2717,0.17303352606657935
2718,0.1642075793422128
2719,0.15606689000587176
2720,0.14860496878855511
2721,0.14203396486688444
2722,0.13591766210309947
2723,0.17784813777757616
2724,0.17494425427752738
2725,0.1924998520976314
2726,0.47318073864937155
2727,0.19691929660380086
2728,0.27820007013194065
2729,0.21201171316202339
2730,0.17846777769413108
2731,0.17781198201997975
2732,0.17777822109071392
2733,0.17789898942365942
2734,0.17775375636950555
2735,0.17795992416083545
2736,0.17815292421223827
2737,0.17829636483494177
2738,0.17814896720133588
2739,0.17725908538620555
2740,0.1770220159310114
2741,0.1774074787167371
2742,0.17742937969423947
2743,0.17860796712083038
2744,0.17983401809942653
2745,0.18086513638915458
2746,0.1814258431038481
2747,0.18150461213991056
2748,0.18123557262999915
2749,0.3687224935702897
2750,0.2735011177433741
2751,0.18853709694115778
2752,0.18792716705735601
2753,0.18689973258451675
2754,0.18593646926155313
2755,0.18639598607195895
2756,0.18702738082649362
2757,0.18733612249148915
2758,0.18676703298452454
2759,0.1870743474020506
2760,0.1875993826766907
2761,0.18738961273645283
2762,0.18649778075797008
2763,0.18570912416614474
2764,0.18419763742934647
2765,0.18210909112453263
2766,0.17890255030459543
2767,0.177291211401777
2768,0.17745988556799022
2769,0.17711911724019938
2770,0.1759319223483269
2771,0.17647475564631152
2772,0.1776290732740605
2773,0.17896194426491355
2774,0.17972581632430432
2775,0.18063942207594036
2776,0.18163163261006546
2777,0.21379184610417376
2778,0.5779945313028466
2779,0.7190893197791671
2780,0.25462653046975814
2781,0.4362980876025769
2782,0.3089878990897927
2783,0.22325175031809866
2784,0.2197868800844082
2785,0.21687204098024684
2786,0.2143396781939855
2787,0.21163037496360737
2788,0.20966770099671883
2789,0.2087133604423489
2790,0.20811544901303336
2791,0.20759437804480813
2792,0.20698758071101858
2793,0.22595058407096646
2794,0.2065833843811644
2795,0.2054003497832031
2796,0.204368604401705
2797,0.30150407200672563
2798,0.2054667841896719
2799,0.20457781743689002
2800,0.23674110595396164
2801,0.20428055594374314
2802,0.36743725733322097
2803,0.20803728225729612
2804,0.920948527523811
2805,1.781744405407489
2806,0.5915939366133715
2807,0.3588753099336303
2808,0.3334194534304077
2809,0.3166983162803737
2810,0.30336097790571515
2811,0.2928096965221202
2812,0.2841538379933768
2813,0.27767862262680326
2814,0.2715099273685584
2815,0.3327540076146949
2816,0.210688773330886
2817,0.19680961077575287
2818,1.5453907699761011
2819,0.2743048609428769
2820,0.24637392968282282
2821,0.22626186829477962
2822,0.2099969457321477
2823,0.19718149986460667
2824,0.18668842268225896
2825,0.17747128081620078
2826,0.16935936261257128
2827,0.18606287360521415
2828,0.9020777124311896
2829,0.18844319364518472
2830,0.21886655865619234
2831,0.19664224659722088
2832,0.1666174053508682
2833,0.15994799565238352
2834,0.15382963179463427
2835,0.14828321920603524
2836,0.14319771573506299
2837,0.13849119199226403
2838,0.13410349873148614
2839,0.13004542982391226
2840,0.12630825834707327
2841,0.12287032903432529
2842,0.3584141700240909
2843,1.4934911698381381
2844,0.25309747311142955
2845,2.7647952476568185
2846,2.66701048192472
2847,0.7894012267868166
2848,0.5844015695249739
2849,0.49638863137177636
2850,0.8009672299553876
2851,0.5557401574953208
2852,1.9135794461833413
2853,0.6224115977919172
2854,0.9910194156734097
2855,2.65135108240596
2856,0.9830589351400948
2857,1.1075780444384957
2858,1.8229844207173767
2859,1.8796006990682383
2860,1.0424195253132282
2861,0.8727552447377162
2862,0.7705673365845098
2863,0.6905882353026755
2864,0.6248775942732421
2865,2.267081766214841
2866,3.654238637153491
2867,2.5844769921486455
2868,1.6301898251535958
2869,2.449153024491388
2870,2.535307323787821
2871,1.6609369830548462
2872,1.4032997362535147
2873,1.9344608035780453
2874,1.2853892615019524
2875,1.4962813281596978
2876,3.4772681061616098
2877,3.331255160822683
2878,2.9212887182600054
2879,4.032908886157276
2880,3.502405403701799
2881,4.2988609436705145
2882,4.903125059479451
2883,3.5279069262808513
2884,2.9852526564984143
2885,4.42823611441232
2886,6.2256440973413865
2887,3.9731921423626995
2888,3.3930149855522536
2889,2.9074427287154494
2890,2.538066500566831
2891,2.2025211110636915
2892,1.9621466925486113
2893,1.7646503640488629
2894,1.6875275455227738
2895,1.4767107251392386
2896,1.3568617571394919
2897,1.2583731889368723
2898,1.1755358588680689
2899,1.1024075671299123
2900,1.0356465248572655
2901,0.9730595509572953
2902,0.9143075363049138
2903,0.8578572641942492
2904,1.7151215140165255
2905,1.7605354145511545
2906,1.5297767376251574
2907,0.9967306516306812
2908,0.9023156767181448
2909,1.380427853012359
2910,1.172233055737139
2911,2.2337840828240494
2912,1.2430775446448552
2913,1.0370840871351985
2914,0.9681519733970849
2915,0.909220430059071
2916,0.8546214018221897
2917,0.8046825229462361
2918,0.8083961490429623
2919,0.803641698771038
2920,0.6952077703596383
2921,1.5603498138795653
