<?xml version="1.0" encoding="UTF-8"?><velmaConfiguration>
  <calibration>
    <VelmaInputs.properties>
      <soilParametersIndexMapFileName>thornton_soil_10m.asc</soilParametersIndexMapFileName>
      <input_runoff/>
      <csvTraceLogFileName>GlobalTraceLog.csv</csvTraceLogFileName>
      <forcing_start>1987</forcing_start>
      <f_ksl>0.00155</f_ksl>
      <flowAccumulationFileName/>
      <outy>852</outy>
      <outx>662</outx>
      <initializeOutputDataLocationRoot>F:\bbarnhar\seattle_28yr_runs</initializeOutputDataLocationRoot>
      <stty>3</stty>
      <input_soil_depth/>
      <sdmm>2.0</sdmm>
      <initialReachOutlets/>
      <reportAllCoverResults>false</reportAllCoverResults>
      <reachOutletsFileName/>
      <input_soil_txt/>
      <input_stream_chem/>
      <syear>1987</syear>
      <forcing_end>2015</forcing_end>
      <numberOfLoops>1</numberOfLoops>
      <flowDirectionFileName/>
      <run_index>scen3_28yr_server_thornton</run_index>
      <input_at/>
      <input_rain/>
      <coverAgeMapFileName>thornton_age_10m.asc</coverAgeMapFileName>
      <input_dem>thornton_Dredge_EEX_Flat_10m.asc</input_dem>
      <globalStateLogFileName>GlobalStateLog.txt</globalStateLogFileName>
      <delineationManfestLocationName/>
      <initializeSoilDepth>0.25, 0.25, 0.25, 0.25</initializeSoilDepth>
      <reportAllSoilResults>false</reportAllSoilResults>
      <eyear>2015</eyear>
      <coverSpeciesIndexMapFileName>thornton_10m_buildings_75_cover_green_roof.asc</coverSpeciesIndexMapFileName>
      <enableReachMapping>SOLO_MODE</enableReachMapping>
      <f_ksv>0.0013</f_ksv>
      <ks>600.0</ks>
    </VelmaInputs.properties>
    <VelmaCalibration.properties>
      <useExperimentalNin>true</useExperimentalNin>
      <srth>0.12</srth>
      <ninMaxLossFromNinBankPerDay>0.1</ninMaxLossFromNinBankPerDay>
      <initialUniformSoilMoisture>0.453</initialUniformSoilMoisture>
      <nashSutcliffeEndYearForRunoffStats>2014</nashSutcliffeEndYearForRunoffStats>
      <disablePsmWaterStressor>false</disablePsmWaterStressor>
      <denitDiffusivity>9.5</denitDiffusivity>
      <co2RespirationFraction>0.99</co2RespirationFraction>
      <permeabilityFractionsFileName>thornton_10m_perm_75.asc</permeabilityFractionsFileName>
      <ninBankInitialSpinUpValue>0.0</ninBankInitialSpinUpValue>
      <isc>1367.0</isc>
      <deg_lon>-122.261516</deg_lon>
      <initial_don>1.5</initial_don>
      <useEtUptake>false</useEtUptake>
      <setWaterBalanceExtremaFixup>false</setWaterBalanceExtremaFixup>
      <initialNo3>0.1</initialNo3>
      <ros>0.5</ros>
      <performDenitrificationAfterWaterTransport>false</performDenitrificationAfterWaterTransport>
      <Tmlt>2.0</Tmlt>
      <warmestMaxAverageMonthlyTemperature>25</warmestMaxAverageMonthlyTemperature>
      <setNitrificationFunctionSelection>DEL_GROSSO_XLS_2013</setNitrificationFunctionSelection>
      <initial_doc>30.0</initial_doc>
      <iteration>100</iteration>
      <wet_nin>0.1</wet_nin>
      <moistureUptakeK>5.5</moistureUptakeK>
      <Tsn>-1.0</Tsn>
      <useNitrification>true</useNitrification>
      <initialNh4>0.1</initialNh4>
      <roair>1300.0</roair>
      <useSoilTemperature>true</useSoilTemperature>
      <DDs>5.0</DDs>
      <enableWaterBalanceReport>false</enableWaterBalanceReport>
      <psm_q>0.015</psm_q>
      <parallelEdgeRecursionDepth>3</parallelEdgeRecursionDepth>
      <deg_lat>44.205122</deg_lat>
      <dry_nin>0.1</dry_nin>
      <nashSutcliffeStartYearForRunoffStats>2013</nashSutcliffeStartYearForRunoffStats>
      <useDenitrification>false</useDenitrification>
      <avgGST>8.5</avgGST>
      <microbeCefficiency>0.45</microbeCefficiency>
      <avgAT>8.2</avgAT>
      <errthreshold>0.010</errthreshold>
      <be>6.94</be>
      <sr2>1.0</sr2>
      <sr1>2.5</sr1>
      <ninHalfSaturationKnForLossFromNinBank>40.0</ninHalfSaturationKnForLossFromNinBank>
      <enableTopographySpatialDataOutput>false</enableTopographySpatialDataOutput>
    </VelmaCalibration.properties>
  </calibration>
  <cellDataWriter>
    <Outlet>
      <initializeActiveJdays>1-366</initializeActiveJdays>
      <cellY>189</cellY>
      <cellX>38</cellX>
    </Outlet>
  </cellDataWriter>
  <cover>
    <Cover2_Roads>
      <mortalityLeafAnnualFraction>1.0</mortalityLeafAnnualFraction>
      <useLinearMortalityBgStem>false</useLinearMortalityBgStem>
      <mortalityRootNumeratorCoefficient>0.0</mortalityRootNumeratorCoefficient>
      <mortalityRootDenominatorCoefficient>0.0</mortalityRootDenominatorCoefficient>
      <noTranspirationPetFraction>0.0</noTranspirationPetFraction>
      <transpirationLimiterJdayOff>366</transpirationLimiterJdayOff>
      <biomassRootCtoN>70</biomassRootCtoN>
      <useLinearMortalityLeaf>false</useLinearMortalityLeaf>
      <nitrogenFixationMoistureScalarLambda>0.77</nitrogenFixationMoistureScalarLambda>
      <mortalityAgStemDenominatorCoefficient>0.0</mortalityAgStemDenominatorCoefficient>
      <initialDetritusAgStemCarbon>1</initialDetritusAgStemCarbon>
      <nitrogenFixationAsymbioticMaximum>0.0</nitrogenFixationAsymbioticMaximum>
      <petParam2>0</petParam2>
      <uptakeMaximumT>0</uptakeMaximumT>
      <petParam1>0</petParam1>
      <nppToBiomassRootNfraction>0.25</nppToBiomassRootNfraction>
      <useEtRecoveryFraction>false</useEtRecoveryFraction>
      <jDaySenescenceOff>367</jDaySenescenceOff>
      <mortalityRootAnnualFraction>1.0</mortalityRootAnnualFraction>
      <uniqueName>Cover2_RoadsBuildings</uniqueName>
      <biomassAgStemCtoN>0.001</biomassAgStemCtoN>
      <jDaySenescenceOn>0</jDaySenescenceOn>
      <nitrogenFixationTemperatureScalarOptimumT>25.0</nitrogenFixationTemperatureScalarOptimumT>
      <useTranspirationLimiter>false</useTranspirationLimiter>
      <mortalityLeafExponentialCoefficient>0.0</mortalityLeafExponentialCoefficient>
      <nitrogenFixationTemperatureScalarCurvature>0.40</nitrogenFixationTemperatureScalarCurvature>
      <detritusLeafCtoN>50</detritusLeafCtoN>
      <mortalityBgStemDenominatorCoefficient>0.0</mortalityBgStemDenominatorCoefficient>
      <initialBiomassAgStemCarbon>1</initialBiomassAgStemCarbon>
      <nh4MaximumUptakeRate>0</nh4MaximumUptakeRate>
      <no3MaximumUptakeRate>0</no3MaximumUptakeRate>
      <mortalityBgStemNumeratorCoefficient>0.0</mortalityBgStemNumeratorCoefficient>
      <initialBiomassRootCarbon>1</initialBiomassRootCarbon>
      <detritusBgStemCtoN>0.001</detritusBgStemCtoN>
      <initialDetritusBgStemCarbon>1</initialDetritusBgStemCarbon>
      <nppToBiomassLeafNfraction>0.25</nppToBiomassLeafNfraction>
      <etRecoveryFractionSlope>0.0</etRecoveryFractionSlope>
      <initialBiomassLeafCarbon>1</initialBiomassLeafCarbon>
      <GaleGrigalBetaParam>0</GaleGrigalBetaParam>
      <useNitrogenFixation>false</useNitrogenFixation>
      <mortalityBgStemAnnualFraction>1.0</mortalityBgStemAnnualFraction>
      <etRecoveryFractionMinimumLeafBiomassC>0.0</etRecoveryFractionMinimumLeafBiomassC>
      <etRecoveryFractionMinimumValue>0.30</etRecoveryFractionMinimumValue>
      <nitrogenFixationSymbioticMaximum>0.0</nitrogenFixationSymbioticMaximum>
      <initialDetritusRootCarbon>1</initialDetritusRootCarbon>
      <temperaturePetOff>0</temperaturePetOff>
      <mortalityAgStemAnnualFraction>1.0</mortalityAgStemAnnualFraction>
      <biomassLeafCtoN>50</biomassLeafCtoN>
      <etRecoveryFractionIntercept>0.0</etRecoveryFractionIntercept>
      <detritusBgStemNmaxDecay>0</detritusBgStemNmaxDecay>
      <nitrogenFixationMoistureScalarK>1.6</nitrogenFixationMoistureScalarK>
      <mortalityLeafNumeratorCoefficient>0.0</mortalityLeafNumeratorCoefficient>
      <detritusRootNmaxDecay>0</detritusRootNmaxDecay>
      <mortalityRootExponentialCoefficient>0.0</mortalityRootExponentialCoefficient>
      <initialBiomassBgStemCarbon>1</initialBiomassBgStemCarbon>
      <initialDetritusLeafCarbon>1</initialDetritusLeafCarbon>
      <degreeDayBase>0</degreeDayBase>
      <nh4Kn>0</nh4Kn>
      <useLinearMortalityRoot>false</useLinearMortalityRoot>
      <uniqueId>13</uniqueId>
      <mortalityAgStemExponentialCoefficient>0.0</mortalityAgStemExponentialCoefficient>
      <nitrogenFixationTemperatureScalarMaximumT>48.0</nitrogenFixationTemperatureScalarMaximumT>
      <seedlingValueAgStemCarbon>0.0</seedlingValueAgStemCarbon>
      <insulationCarbonUpperBound>0</insulationCarbonUpperBound>
      <insulationEfficiency>0</insulationEfficiency>
      <mortalityAgStemNumeratorCoefficient>0.0</mortalityAgStemNumeratorCoefficient>
      <nppToBiomassAgStemNfraction>0.8</nppToBiomassAgStemNfraction>
      <biomassBgStemCtoN>0.001</biomassBgStemCtoN>
      <jDayUptakeFirstAllowed>1</jDayUptakeFirstAllowed>
      <uptakeOptimumT>0</uptakeOptimumT>
      <mortalityLeafDenominatorCoefficient>0.0</mortalityLeafDenominatorCoefficient>
      <detritusLeafNmaxDecay>0</detritusLeafNmaxDecay>
      <mortalityBgStemExponentialCoefficient>0.0</mortalityBgStemExponentialCoefficient>
      <no3Kn>0</no3Kn>
      <degreeDayThreshold>0</degreeDayThreshold>
      <detritusAgStemCtoN>0.001</detritusAgStemCtoN>
      <uptakeCurvature>0</uptakeCurvature>
      <allowUptakeAfterSenescence>false</allowUptakeAfterSenescence>
      <seedlingValueRootCarbon>0.0</seedlingValueRootCarbon>
      <nitrogenFixationUptakeFraction>0.5</nitrogenFixationUptakeFraction>
      <detritusRootCtoN>70</detritusRootCtoN>
      <seedlingValueBgStemCarbon>0.0</seedlingValueBgStemCarbon>
      <useLinearMortalityAgStem>false</useLinearMortalityAgStem>
      <transpirationLimiterJdayOn>1</transpirationLimiterJdayOn>
      <transpirationLimiterCoeffD>1</transpirationLimiterCoeffD>
      <nitrogenFixerFraction>0.0</nitrogenFixerFraction>
      <transpirationLimiterCoeffC>0</transpirationLimiterCoeffC>
      <transpirationLimiterCoeffB>0</transpirationLimiterCoeffB>
      <transpirationLimiterCoeffA>0</transpirationLimiterCoeffA>
      <detritusAgStemNmaxDecay>0.001</detritusAgStemNmaxDecay>
      <seedlingValueLeafCarbon>0.0</seedlingValueLeafCarbon>
      <transpirationLimiterMaxTotalBiomassC>0</transpirationLimiterMaxTotalBiomassC>
    </Cover2_Roads>
    <Cover3_Grass>
      <mortalityLeafAnnualFraction>1.0</mortalityLeafAnnualFraction>
      <useLinearMortalityBgStem>false</useLinearMortalityBgStem>
      <mortalityRootNumeratorCoefficient>1.0</mortalityRootNumeratorCoefficient>
      <mortalityRootDenominatorCoefficient>80.0</mortalityRootDenominatorCoefficient>
      <noTranspirationPetFraction>1</noTranspirationPetFraction>
      <transpirationLimiterJdayOff>305</transpirationLimiterJdayOff>
      <biomassRootCtoN>90</biomassRootCtoN>
      <useLinearMortalityLeaf>false</useLinearMortalityLeaf>
      <nitrogenFixationMoistureScalarLambda>0.77</nitrogenFixationMoistureScalarLambda>
      <mortalityAgStemDenominatorCoefficient>0.1</mortalityAgStemDenominatorCoefficient>
      <initialDetritusAgStemCarbon>48</initialDetritusAgStemCarbon>
      <nitrogenFixationAsymbioticMaximum>0.0</nitrogenFixationAsymbioticMaximum>
      <petParam2>0.622</petParam2>
      <uptakeMaximumT>50.0</uptakeMaximumT>
      <petParam1>0.96</petParam1>
      <nppToBiomassRootNfraction>0.29</nppToBiomassRootNfraction>
      <useEtRecoveryFraction>true</useEtRecoveryFraction>
      <jDaySenescenceOff>365</jDaySenescenceOff>
      <mortalityRootAnnualFraction>1.0</mortalityRootAnnualFraction>
      <uniqueName>Cover3_Grass</uniqueName>
      <biomassAgStemCtoN>67</biomassAgStemCtoN>
      <jDaySenescenceOn>263</jDaySenescenceOn>
      <nitrogenFixationTemperatureScalarOptimumT>25.0</nitrogenFixationTemperatureScalarOptimumT>
      <useTranspirationLimiter>false</useTranspirationLimiter>
      <mortalityLeafExponentialCoefficient>40.0</mortalityLeafExponentialCoefficient>
      <nitrogenFixationTemperatureScalarCurvature>0.40</nitrogenFixationTemperatureScalarCurvature>
      <detritusLeafCtoN>59</detritusLeafCtoN>
      <mortalityBgStemDenominatorCoefficient>40.0</mortalityBgStemDenominatorCoefficient>
      <initialBiomassAgStemCarbon>1.0</initialBiomassAgStemCarbon>
      <nh4MaximumUptakeRate>1.5</nh4MaximumUptakeRate>
      <no3MaximumUptakeRate>1.5</no3MaximumUptakeRate>
      <mortalityBgStemNumeratorCoefficient>1.0</mortalityBgStemNumeratorCoefficient>
      <initialBiomassRootCarbon>286</initialBiomassRootCarbon>
      <detritusBgStemCtoN>67</detritusBgStemCtoN>
      <initialDetritusBgStemCarbon>39</initialDetritusBgStemCarbon>
      <nppToBiomassLeafNfraction>0.5</nppToBiomassLeafNfraction>
      <etRecoveryFractionSlope>0.0062</etRecoveryFractionSlope>
      <initialBiomassLeafCarbon>1.0</initialBiomassLeafCarbon>
      <GaleGrigalBetaParam>0.943</GaleGrigalBetaParam>
      <useNitrogenFixation>false</useNitrogenFixation>
      <mortalityBgStemAnnualFraction>1.0</mortalityBgStemAnnualFraction>
      <etRecoveryFractionMinimumLeafBiomassC>62.0</etRecoveryFractionMinimumLeafBiomassC>
      <etRecoveryFractionMinimumValue>0.2</etRecoveryFractionMinimumValue>
      <nitrogenFixationSymbioticMaximum>0.0</nitrogenFixationSymbioticMaximum>
      <initialDetritusRootCarbon>264</initialDetritusRootCarbon>
      <temperaturePetOff>-3</temperaturePetOff>
      <mortalityAgStemAnnualFraction>1.0</mortalityAgStemAnnualFraction>
      <biomassLeafCtoN>59</biomassLeafCtoN>
      <etRecoveryFractionIntercept>0.0257</etRecoveryFractionIntercept>
      <detritusBgStemNmaxDecay>0.015</detritusBgStemNmaxDecay>
      <nitrogenFixationMoistureScalarK>1.6</nitrogenFixationMoistureScalarK>
      <mortalityLeafNumeratorCoefficient>1.0</mortalityLeafNumeratorCoefficient>
      <detritusRootNmaxDecay>0.013</detritusRootNmaxDecay>
      <mortalityRootExponentialCoefficient>3.0</mortalityRootExponentialCoefficient>
      <initialBiomassBgStemCarbon>116</initialBiomassBgStemCarbon>
      <initialDetritusLeafCarbon>253</initialDetritusLeafCarbon>
      <degreeDayBase>10</degreeDayBase>
      <nh4Kn>0.3</nh4Kn>
      <useLinearMortalityRoot>false</useLinearMortalityRoot>
      <uniqueId>14</uniqueId>
      <mortalityAgStemExponentialCoefficient>80.0</mortalityAgStemExponentialCoefficient>
      <nitrogenFixationTemperatureScalarMaximumT>48.0</nitrogenFixationTemperatureScalarMaximumT>
      <seedlingValueAgStemCarbon>1.0</seedlingValueAgStemCarbon>
      <insulationCarbonUpperBound>400</insulationCarbonUpperBound>
      <insulationEfficiency>0.5</insulationEfficiency>
      <mortalityAgStemNumeratorCoefficient>1.0</mortalityAgStemNumeratorCoefficient>
      <nppToBiomassAgStemNfraction>0.08</nppToBiomassAgStemNfraction>
      <biomassBgStemCtoN>67</biomassBgStemCtoN>
      <jDayUptakeFirstAllowed>91</jDayUptakeFirstAllowed>
      <uptakeOptimumT>30.0</uptakeOptimumT>
      <mortalityLeafDenominatorCoefficient>1.0</mortalityLeafDenominatorCoefficient>
      <detritusLeafNmaxDecay>0.015</detritusLeafNmaxDecay>
      <mortalityBgStemExponentialCoefficient>5.0</mortalityBgStemExponentialCoefficient>
      <no3Kn>0.3</no3Kn>
      <degreeDayThreshold>50</degreeDayThreshold>
      <detritusAgStemCtoN>67</detritusAgStemCtoN>
      <uptakeCurvature>0.5</uptakeCurvature>
      <allowUptakeAfterSenescence>true</allowUptakeAfterSenescence>
      <seedlingValueRootCarbon>1.0</seedlingValueRootCarbon>
      <nitrogenFixationUptakeFraction>0.5</nitrogenFixationUptakeFraction>
      <detritusRootCtoN>90</detritusRootCtoN>
      <seedlingValueBgStemCarbon>1.0</seedlingValueBgStemCarbon>
      <useLinearMortalityAgStem>false</useLinearMortalityAgStem>
      <transpirationLimiterJdayOn>91</transpirationLimiterJdayOn>
      <transpirationLimiterCoeffD>1.0</transpirationLimiterCoeffD>
      <nitrogenFixerFraction>0.0</nitrogenFixerFraction>
      <transpirationLimiterCoeffC>0.0</transpirationLimiterCoeffC>
      <transpirationLimiterCoeffB>0.0</transpirationLimiterCoeffB>
      <transpirationLimiterCoeffA>0.0</transpirationLimiterCoeffA>
      <detritusAgStemNmaxDecay>0.002</detritusAgStemNmaxDecay>
      <seedlingValueLeafCarbon>1.0</seedlingValueLeafCarbon>
      <transpirationLimiterMaxTotalBiomassC>0</transpirationLimiterMaxTotalBiomassC>
    </Cover3_Grass>
    <Cover4_Buildings>
      <mortalityLeafAnnualFraction>1.0</mortalityLeafAnnualFraction>
      <useLinearMortalityBgStem>false</useLinearMortalityBgStem>
      <mortalityRootNumeratorCoefficient>0.0</mortalityRootNumeratorCoefficient>
      <mortalityRootDenominatorCoefficient>0.0</mortalityRootDenominatorCoefficient>
      <noTranspirationPetFraction>0.0</noTranspirationPetFraction>
      <transpirationLimiterJdayOff>366</transpirationLimiterJdayOff>
      <biomassRootCtoN>70</biomassRootCtoN>
      <useLinearMortalityLeaf>false</useLinearMortalityLeaf>
      <nitrogenFixationMoistureScalarLambda>0.77</nitrogenFixationMoistureScalarLambda>
      <mortalityAgStemDenominatorCoefficient>0.0</mortalityAgStemDenominatorCoefficient>
      <initialDetritusAgStemCarbon>1</initialDetritusAgStemCarbon>
      <nitrogenFixationAsymbioticMaximum>0.0</nitrogenFixationAsymbioticMaximum>
      <petParam2>0</petParam2>
      <uptakeMaximumT>0</uptakeMaximumT>
      <petParam1>0</petParam1>
      <nppToBiomassRootNfraction>0.25</nppToBiomassRootNfraction>
      <useEtRecoveryFraction>false</useEtRecoveryFraction>
      <jDaySenescenceOff>367</jDaySenescenceOff>
      <mortalityRootAnnualFraction>1.0</mortalityRootAnnualFraction>
      <uniqueName>Cover4_Buildings</uniqueName>
      <biomassAgStemCtoN>0.001</biomassAgStemCtoN>
      <jDaySenescenceOn>0</jDaySenescenceOn>
      <nitrogenFixationTemperatureScalarOptimumT>25.0</nitrogenFixationTemperatureScalarOptimumT>
      <useTranspirationLimiter>false</useTranspirationLimiter>
      <mortalityLeafExponentialCoefficient>0.0</mortalityLeafExponentialCoefficient>
      <nitrogenFixationTemperatureScalarCurvature>0.40</nitrogenFixationTemperatureScalarCurvature>
      <detritusLeafCtoN>50</detritusLeafCtoN>
      <mortalityBgStemDenominatorCoefficient>0.0</mortalityBgStemDenominatorCoefficient>
      <initialBiomassAgStemCarbon>1</initialBiomassAgStemCarbon>
      <nh4MaximumUptakeRate>0</nh4MaximumUptakeRate>
      <no3MaximumUptakeRate>0</no3MaximumUptakeRate>
      <mortalityBgStemNumeratorCoefficient>0.0</mortalityBgStemNumeratorCoefficient>
      <initialBiomassRootCarbon>1</initialBiomassRootCarbon>
      <detritusBgStemCtoN>0.001</detritusBgStemCtoN>
      <initialDetritusBgStemCarbon>1</initialDetritusBgStemCarbon>
      <nppToBiomassLeafNfraction>0.25</nppToBiomassLeafNfraction>
      <etRecoveryFractionSlope>0.0</etRecoveryFractionSlope>
      <initialBiomassLeafCarbon>1</initialBiomassLeafCarbon>
      <GaleGrigalBetaParam>0</GaleGrigalBetaParam>
      <useNitrogenFixation>false</useNitrogenFixation>
      <mortalityBgStemAnnualFraction>1.0</mortalityBgStemAnnualFraction>
      <etRecoveryFractionMinimumLeafBiomassC>0.0</etRecoveryFractionMinimumLeafBiomassC>
      <etRecoveryFractionMinimumValue>0.30</etRecoveryFractionMinimumValue>
      <nitrogenFixationSymbioticMaximum>0.0</nitrogenFixationSymbioticMaximum>
      <initialDetritusRootCarbon>1</initialDetritusRootCarbon>
      <temperaturePetOff>0</temperaturePetOff>
      <mortalityAgStemAnnualFraction>1.0</mortalityAgStemAnnualFraction>
      <biomassLeafCtoN>50</biomassLeafCtoN>
      <etRecoveryFractionIntercept>0.0</etRecoveryFractionIntercept>
      <detritusBgStemNmaxDecay>0</detritusBgStemNmaxDecay>
      <nitrogenFixationMoistureScalarK>1.6</nitrogenFixationMoistureScalarK>
      <mortalityLeafNumeratorCoefficient>0.0</mortalityLeafNumeratorCoefficient>
      <detritusRootNmaxDecay>0</detritusRootNmaxDecay>
      <mortalityRootExponentialCoefficient>0.0</mortalityRootExponentialCoefficient>
      <initialBiomassBgStemCarbon>1</initialBiomassBgStemCarbon>
      <initialDetritusLeafCarbon>1</initialDetritusLeafCarbon>
      <degreeDayBase>0</degreeDayBase>
      <nh4Kn>0</nh4Kn>
      <useLinearMortalityRoot>false</useLinearMortalityRoot>
      <uniqueId>2</uniqueId>
      <mortalityAgStemExponentialCoefficient>0.0</mortalityAgStemExponentialCoefficient>
      <nitrogenFixationTemperatureScalarMaximumT>48.0</nitrogenFixationTemperatureScalarMaximumT>
      <seedlingValueAgStemCarbon>0.0</seedlingValueAgStemCarbon>
      <insulationCarbonUpperBound>0</insulationCarbonUpperBound>
      <insulationEfficiency>0</insulationEfficiency>
      <mortalityAgStemNumeratorCoefficient>0.0</mortalityAgStemNumeratorCoefficient>
      <nppToBiomassAgStemNfraction>0.8</nppToBiomassAgStemNfraction>
      <biomassBgStemCtoN>0.001</biomassBgStemCtoN>
      <jDayUptakeFirstAllowed>1</jDayUptakeFirstAllowed>
      <uptakeOptimumT>0</uptakeOptimumT>
      <mortalityLeafDenominatorCoefficient>0.0</mortalityLeafDenominatorCoefficient>
      <detritusLeafNmaxDecay>0</detritusLeafNmaxDecay>
      <mortalityBgStemExponentialCoefficient>0.0</mortalityBgStemExponentialCoefficient>
      <no3Kn>0</no3Kn>
      <degreeDayThreshold>0</degreeDayThreshold>
      <detritusAgStemCtoN>0.001</detritusAgStemCtoN>
      <uptakeCurvature>0</uptakeCurvature>
      <allowUptakeAfterSenescence>false</allowUptakeAfterSenescence>
      <seedlingValueRootCarbon>0.0</seedlingValueRootCarbon>
      <nitrogenFixationUptakeFraction>0.5</nitrogenFixationUptakeFraction>
      <detritusRootCtoN>70</detritusRootCtoN>
      <seedlingValueBgStemCarbon>0.0</seedlingValueBgStemCarbon>
      <useLinearMortalityAgStem>false</useLinearMortalityAgStem>
      <transpirationLimiterJdayOn>1</transpirationLimiterJdayOn>
      <transpirationLimiterCoeffD>1</transpirationLimiterCoeffD>
      <nitrogenFixerFraction>0.0</nitrogenFixerFraction>
      <transpirationLimiterCoeffC>0</transpirationLimiterCoeffC>
      <transpirationLimiterCoeffB>0</transpirationLimiterCoeffB>
      <transpirationLimiterCoeffA>0</transpirationLimiterCoeffA>
      <detritusAgStemNmaxDecay>0.001</detritusAgStemNmaxDecay>
      <seedlingValueLeafCarbon>0.0</seedlingValueLeafCarbon>
      <transpirationLimiterMaxTotalBiomassC>0</transpirationLimiterMaxTotalBiomassC>
    </Cover4_Buildings>
    <Cover1_Conifer>
      <mortalityLeafAnnualFraction>1.0</mortalityLeafAnnualFraction>
      <useLinearMortalityBgStem>false</useLinearMortalityBgStem>
      <mortalityRootNumeratorCoefficient>1.0</mortalityRootNumeratorCoefficient>
      <mortalityRootDenominatorCoefficient>0.5</mortalityRootDenominatorCoefficient>
      <noTranspirationPetFraction>1.0</noTranspirationPetFraction>
      <transpirationLimiterJdayOff>273</transpirationLimiterJdayOff>
      <biomassRootCtoN>77</biomassRootCtoN>
      <useLinearMortalityLeaf>false</useLinearMortalityLeaf>
      <nitrogenFixationMoistureScalarLambda>0.77</nitrogenFixationMoistureScalarLambda>
      <mortalityAgStemDenominatorCoefficient>15.0</mortalityAgStemDenominatorCoefficient>
      <initialDetritusAgStemCarbon>11933</initialDetritusAgStemCarbon>
      <nitrogenFixationAsymbioticMaximum>0.0</nitrogenFixationAsymbioticMaximum>
      <petParam2>0.622</petParam2>
      <uptakeMaximumT>50.0</uptakeMaximumT>
      <petParam1>0.99</petParam1>
      <nppToBiomassRootNfraction>0.35</nppToBiomassRootNfraction>
      <useEtRecoveryFraction>true</useEtRecoveryFraction>
      <jDaySenescenceOff>366</jDaySenescenceOff>
      <mortalityRootAnnualFraction>1.0</mortalityRootAnnualFraction>
      <uniqueName>Conifer</uniqueName>
      <biomassAgStemCtoN>857</biomassAgStemCtoN>
      <jDaySenescenceOn>350</jDaySenescenceOn>
      <nitrogenFixationTemperatureScalarOptimumT>25.0</nitrogenFixationTemperatureScalarOptimumT>
      <useTranspirationLimiter>false</useTranspirationLimiter>
      <mortalityLeafExponentialCoefficient>0.8</mortalityLeafExponentialCoefficient>
      <nitrogenFixationTemperatureScalarCurvature>0.40</nitrogenFixationTemperatureScalarCurvature>
      <detritusLeafCtoN>46</detritusLeafCtoN>
      <mortalityBgStemDenominatorCoefficient>5.0</mortalityBgStemDenominatorCoefficient>
      <initialBiomassAgStemCarbon>33816</initialBiomassAgStemCarbon>
      <nh4MaximumUptakeRate>0.100</nh4MaximumUptakeRate>
      <no3MaximumUptakeRate>0.066</no3MaximumUptakeRate>
      <mortalityBgStemNumeratorCoefficient>1.0</mortalityBgStemNumeratorCoefficient>
      <initialBiomassRootCarbon>542</initialBiomassRootCarbon>
      <detritusBgStemCtoN>533</detritusBgStemCtoN>
      <initialDetritusBgStemCarbon>2580</initialDetritusBgStemCarbon>
      <nppToBiomassLeafNfraction>0.55</nppToBiomassLeafNfraction>
      <etRecoveryFractionSlope>0.0055</etRecoveryFractionSlope>
      <initialBiomassLeafCarbon>667</initialBiomassLeafCarbon>
      <GaleGrigalBetaParam>0.976</GaleGrigalBetaParam>
      <useNitrogenFixation>false</useNitrogenFixation>
      <mortalityBgStemAnnualFraction>1.0</mortalityBgStemAnnualFraction>
      <etRecoveryFractionMinimumLeafBiomassC>0.0</etRecoveryFractionMinimumLeafBiomassC>
      <etRecoveryFractionMinimumValue>0.30</etRecoveryFractionMinimumValue>
      <nitrogenFixationSymbioticMaximum>0.0</nitrogenFixationSymbioticMaximum>
      <initialDetritusRootCarbon>552</initialDetritusRootCarbon>
      <temperaturePetOff>-3</temperaturePetOff>
      <mortalityAgStemAnnualFraction>1.0</mortalityAgStemAnnualFraction>
      <biomassLeafCtoN>46</biomassLeafCtoN>
      <etRecoveryFractionIntercept>0.1908</etRecoveryFractionIntercept>
      <detritusBgStemNmaxDecay>0.00112</detritusBgStemNmaxDecay>
      <nitrogenFixationMoistureScalarK>1.6</nitrogenFixationMoistureScalarK>
      <mortalityLeafNumeratorCoefficient>1.0</mortalityLeafNumeratorCoefficient>
      <detritusRootNmaxDecay>0.008</detritusRootNmaxDecay>
      <mortalityRootExponentialCoefficient>0.2</mortalityRootExponentialCoefficient>
      <initialBiomassBgStemCarbon>6782</initialBiomassBgStemCarbon>
      <initialDetritusLeafCarbon>854</initialDetritusLeafCarbon>
      <degreeDayBase>2.0</degreeDayBase>
      <nh4Kn>0.5</nh4Kn>
      <useLinearMortalityRoot>false</useLinearMortalityRoot>
      <uniqueId>3</uniqueId>
      <mortalityAgStemExponentialCoefficient>0.11</mortalityAgStemExponentialCoefficient>
      <nitrogenFixationTemperatureScalarMaximumT>48.0</nitrogenFixationTemperatureScalarMaximumT>
      <seedlingValueAgStemCarbon>0.0</seedlingValueAgStemCarbon>
      <insulationCarbonUpperBound>700.0</insulationCarbonUpperBound>
      <insulationEfficiency>0.0</insulationEfficiency>
      <mortalityAgStemNumeratorCoefficient>1.0</mortalityAgStemNumeratorCoefficient>
      <nppToBiomassAgStemNfraction>0.8</nppToBiomassAgStemNfraction>
      <biomassBgStemCtoN>533</biomassBgStemCtoN>
      <jDayUptakeFirstAllowed>1</jDayUptakeFirstAllowed>
      <uptakeOptimumT>25.0</uptakeOptimumT>
      <mortalityLeafDenominatorCoefficient>10.0</mortalityLeafDenominatorCoefficient>
      <detritusLeafNmaxDecay>0.0033</detritusLeafNmaxDecay>
      <mortalityBgStemExponentialCoefficient>0.07</mortalityBgStemExponentialCoefficient>
      <no3Kn>0.5</no3Kn>
      <degreeDayThreshold>2.0</degreeDayThreshold>
      <detritusAgStemCtoN>857</detritusAgStemCtoN>
      <uptakeCurvature>0.5</uptakeCurvature>
      <allowUptakeAfterSenescence>true</allowUptakeAfterSenescence>
      <seedlingValueRootCarbon>0.0</seedlingValueRootCarbon>
      <nitrogenFixationUptakeFraction>0.5</nitrogenFixationUptakeFraction>
      <detritusRootCtoN>77</detritusRootCtoN>
      <seedlingValueBgStemCarbon>0.0</seedlingValueBgStemCarbon>
      <useLinearMortalityAgStem>false</useLinearMortalityAgStem>
      <transpirationLimiterJdayOn>152</transpirationLimiterJdayOn>
      <transpirationLimiterCoeffD>0.65</transpirationLimiterCoeffD>
      <transpirationLimiterCoeffC>0.000091</transpirationLimiterCoeffC>
      <nitrogenFixerFraction>0.0</nitrogenFixerFraction>
      <transpirationLimiterCoeffB>0.000006</transpirationLimiterCoeffB>
      <transpirationLimiterCoeffA>0.35</transpirationLimiterCoeffA>
      <detritusAgStemNmaxDecay>0.00112</detritusAgStemNmaxDecay>
      <seedlingValueLeafCarbon>0.0</seedlingValueLeafCarbon>
      <transpirationLimiterMaxTotalBiomassC>42000.0</transpirationLimiterMaxTotalBiomassC>
    </Cover1_Conifer>
    <Cover5_GreenRoofs>
      <mortalityLeafAnnualFraction>1.0</mortalityLeafAnnualFraction>
      <useLinearMortalityBgStem>false</useLinearMortalityBgStem>
      <mortalityRootNumeratorCoefficient>1.0</mortalityRootNumeratorCoefficient>
      <mortalityRootDenominatorCoefficient>80.0</mortalityRootDenominatorCoefficient>
      <noTranspirationPetFraction>1</noTranspirationPetFraction>
      <transpirationLimiterJdayOff>305</transpirationLimiterJdayOff>
      <biomassRootCtoN>90</biomassRootCtoN>
      <useLinearMortalityLeaf>false</useLinearMortalityLeaf>
      <nitrogenFixationMoistureScalarLambda>0.77</nitrogenFixationMoistureScalarLambda>
      <mortalityAgStemDenominatorCoefficient>0.1</mortalityAgStemDenominatorCoefficient>
      <initialDetritusAgStemCarbon>48</initialDetritusAgStemCarbon>
      <nitrogenFixationAsymbioticMaximum>0.0</nitrogenFixationAsymbioticMaximum>
      <petParam2>0.622</petParam2>
      <uptakeMaximumT>50.0</uptakeMaximumT>
      <petParam1>0.96</petParam1>
      <nppToBiomassRootNfraction>0.29</nppToBiomassRootNfraction>
      <useEtRecoveryFraction>true</useEtRecoveryFraction>
      <jDaySenescenceOff>365</jDaySenescenceOff>
      <mortalityRootAnnualFraction>1.0</mortalityRootAnnualFraction>
      <uniqueName>Cover5_GreenRoofs</uniqueName>
      <biomassAgStemCtoN>67</biomassAgStemCtoN>
      <jDaySenescenceOn>263</jDaySenescenceOn>
      <nitrogenFixationTemperatureScalarOptimumT>25.0</nitrogenFixationTemperatureScalarOptimumT>
      <useTranspirationLimiter>false</useTranspirationLimiter>
      <mortalityLeafExponentialCoefficient>40.0</mortalityLeafExponentialCoefficient>
      <nitrogenFixationTemperatureScalarCurvature>0.40</nitrogenFixationTemperatureScalarCurvature>
      <detritusLeafCtoN>59</detritusLeafCtoN>
      <mortalityBgStemDenominatorCoefficient>40.0</mortalityBgStemDenominatorCoefficient>
      <initialBiomassAgStemCarbon>1.0</initialBiomassAgStemCarbon>
      <nh4MaximumUptakeRate>1.5</nh4MaximumUptakeRate>
      <no3MaximumUptakeRate>1.5</no3MaximumUptakeRate>
      <mortalityBgStemNumeratorCoefficient>1.0</mortalityBgStemNumeratorCoefficient>
      <initialBiomassRootCarbon>286</initialBiomassRootCarbon>
      <detritusBgStemCtoN>67</detritusBgStemCtoN>
      <initialDetritusBgStemCarbon>39</initialDetritusBgStemCarbon>
      <nppToBiomassLeafNfraction>0.5</nppToBiomassLeafNfraction>
      <etRecoveryFractionSlope>0.0062</etRecoveryFractionSlope>
      <initialBiomassLeafCarbon>1.0</initialBiomassLeafCarbon>
      <GaleGrigalBetaParam>0.943</GaleGrigalBetaParam>
      <useNitrogenFixation>false</useNitrogenFixation>
      <mortalityBgStemAnnualFraction>1.0</mortalityBgStemAnnualFraction>
      <etRecoveryFractionMinimumLeafBiomassC>62.0</etRecoveryFractionMinimumLeafBiomassC>
      <etRecoveryFractionMinimumValue>0.2</etRecoveryFractionMinimumValue>
      <nitrogenFixationSymbioticMaximum>0.0</nitrogenFixationSymbioticMaximum>
      <initialDetritusRootCarbon>264</initialDetritusRootCarbon>
      <temperaturePetOff>-3</temperaturePetOff>
      <mortalityAgStemAnnualFraction>1.0</mortalityAgStemAnnualFraction>
      <biomassLeafCtoN>59</biomassLeafCtoN>
      <etRecoveryFractionIntercept>0.0257</etRecoveryFractionIntercept>
      <detritusBgStemNmaxDecay>0.015</detritusBgStemNmaxDecay>
      <nitrogenFixationMoistureScalarK>1.6</nitrogenFixationMoistureScalarK>
      <mortalityLeafNumeratorCoefficient>1.0</mortalityLeafNumeratorCoefficient>
      <detritusRootNmaxDecay>0.013</detritusRootNmaxDecay>
      <mortalityRootExponentialCoefficient>3.0</mortalityRootExponentialCoefficient>
      <initialBiomassBgStemCarbon>116</initialBiomassBgStemCarbon>
      <initialDetritusLeafCarbon>253</initialDetritusLeafCarbon>
      <degreeDayBase>10</degreeDayBase>
      <nh4Kn>0.3</nh4Kn>
      <useLinearMortalityRoot>false</useLinearMortalityRoot>
      <uniqueId>20</uniqueId>
      <mortalityAgStemExponentialCoefficient>80.0</mortalityAgStemExponentialCoefficient>
      <nitrogenFixationTemperatureScalarMaximumT>48.0</nitrogenFixationTemperatureScalarMaximumT>
      <seedlingValueAgStemCarbon>1.0</seedlingValueAgStemCarbon>
      <insulationCarbonUpperBound>400</insulationCarbonUpperBound>
      <insulationEfficiency>0.5</insulationEfficiency>
      <mortalityAgStemNumeratorCoefficient>1.0</mortalityAgStemNumeratorCoefficient>
      <nppToBiomassAgStemNfraction>0.08</nppToBiomassAgStemNfraction>
      <biomassBgStemCtoN>67</biomassBgStemCtoN>
      <jDayUptakeFirstAllowed>91</jDayUptakeFirstAllowed>
      <uptakeOptimumT>30.0</uptakeOptimumT>
      <mortalityLeafDenominatorCoefficient>1.0</mortalityLeafDenominatorCoefficient>
      <detritusLeafNmaxDecay>0.015</detritusLeafNmaxDecay>
      <mortalityBgStemExponentialCoefficient>5.0</mortalityBgStemExponentialCoefficient>
      <no3Kn>0.3</no3Kn>
      <degreeDayThreshold>50</degreeDayThreshold>
      <detritusAgStemCtoN>67</detritusAgStemCtoN>
      <uptakeCurvature>0.5</uptakeCurvature>
      <allowUptakeAfterSenescence>true</allowUptakeAfterSenescence>
      <seedlingValueRootCarbon>1.0</seedlingValueRootCarbon>
      <nitrogenFixationUptakeFraction>0.5</nitrogenFixationUptakeFraction>
      <detritusRootCtoN>90</detritusRootCtoN>
      <seedlingValueBgStemCarbon>1.0</seedlingValueBgStemCarbon>
      <useLinearMortalityAgStem>false</useLinearMortalityAgStem>
      <transpirationLimiterJdayOn>91</transpirationLimiterJdayOn>
      <transpirationLimiterCoeffD>1.0</transpirationLimiterCoeffD>
      <nitrogenFixerFraction>0.0</nitrogenFixerFraction>
      <transpirationLimiterCoeffC>0.0</transpirationLimiterCoeffC>
      <transpirationLimiterCoeffB>0.0</transpirationLimiterCoeffB>
      <transpirationLimiterCoeffA>0.0</transpirationLimiterCoeffA>
      <detritusAgStemNmaxDecay>0.002</detritusAgStemNmaxDecay>
      <seedlingValueLeafCarbon>1.0</seedlingValueLeafCarbon>
      <transpirationLimiterMaxTotalBiomassC>0</transpirationLimiterMaxTotalBiomassC>
    </Cover5_GreenRoofs>
  </cover>
  <display>
    <DisplayRange>
      <maxBiomassRootLayersDayDisplay>1000.0</maxBiomassRootLayersDayDisplay>
      <minBiomassRootDayDisplay>0.0</minBiomassRootDayDisplay>
      <minBiomassLeafDayDisplay>0.0</minBiomassLeafDayDisplay>
      <maxNppDayDisplay>20.0</maxNppDayDisplay>
      <maxVsaValueSpatialDisplay>50.0</maxVsaValueSpatialDisplay>
      <maxEtDayDisplay>10.0</maxEtDayDisplay>
      <maxNh4SpatialDisplay>1.0</maxNh4SpatialDisplay>
      <minWaterLayerTDayDisplay>0.0</minWaterLayerTDayDisplay>
      <maxBiomassBgStemDayDisplay>10000</maxBiomassBgStemDayDisplay>
      <maxSurfaceDocSpatialDisplay>100.0</maxSurfaceDocSpatialDisplay>
      <maxTotalNLossDayDisplay>0.005</maxTotalNLossDayDisplay>
      <maxNepYearSumDisplay>3000.0</maxNepYearSumDisplay>
      <minHydroYearSumDisplay>0.0</minHydroYearSumDisplay>
      <maxBiomassYearFinalDisplay>50000.0</maxBiomassYearFinalDisplay>
      <minHumusDayDisplay>0.0</minHumusDayDisplay>
      <minBiomassRootLayersDayDisplay>0.0</minBiomassRootLayersDayDisplay>
      <maxDonLossYearFinalDisplay>2.0</maxDonLossYearFinalDisplay>
      <minDetritusRootDayDisplay>0.0</minDetritusRootDayDisplay>
      <minDetritusLeafDayDisplay>0.0</minDetritusLeafDayDisplay>
      <maxAirTDayDisplay>40.0</maxAirTDayDisplay>
      <max_psm_don>20.0</max_psm_don>
      <maxHumusLayersDayDisplay>1500.0</maxHumusLayersDayDisplay>
      <maxDonLossYearSumDisplay>0.4</maxDonLossYearSumDisplay>
      <maxDonSpatialDisplay>5.0</maxDonSpatialDisplay>
      <minBiomassYearSumDisplay>0.0</minBiomassYearSumDisplay>
      <maxNppYearSumDisplay>1200.0</maxNppYearSumDisplay>
      <maxNh4LossYearSumDisplay>0.025</maxNh4LossYearSumDisplay>
      <maxLitterDayDisplay>55000.0</maxLitterDayDisplay>
      <maxStandingWaterSpatialDisplay>5.0</maxStandingWaterSpatialDisplay>
      <min_ndetritus>6000.0</min_ndetritus>
      <maxHydroYearSumDisplay>3000.0</maxHydroYearSumDisplay>
      <maxBiomassAgStemDayDisplay>55000</maxBiomassAgStemDayDisplay>
      <max_ndetritus>40000.0</max_ndetritus>
      <maxDetritusRootLayersDayDisplay>720.0</maxDetritusRootLayersDayDisplay>
      <maxAirTSpatialDisplay>30.0</maxAirTSpatialDisplay>
      <minNepDayDisplay>-1400.0</minNepDayDisplay>
      <maxAirTYearDisplay>30.0</maxAirTYearDisplay>
      <maxCo2DaySpatialDisplay>2.0</maxCo2DaySpatialDisplay>
      <minDetritusBgStemLayersDayDisplay>0</minDetritusBgStemLayersDayDisplay>
      <maxDonLossDayDisplay>0.002</maxDonLossDayDisplay>
      <vplot_d>20.0</vplot_d>
      <max_psm_c>60.0</max_psm_c>
      <maxAgTotalBurnedCarbonDaySpatialDisplay>750.0</maxAgTotalBurnedCarbonDaySpatialDisplay>
      <maxNh4LossDayDisplay>0.0008</maxNh4LossDayDisplay>
      <maxNo3LossYearSumDisplay>0.004</maxNo3LossYearSumDisplay>
      <minDocLossYearSumDisplay>0.0</minDocLossYearSumDisplay>
      <maxDetritusBgStemLayersDayDisplay>1800.0</maxDetritusBgStemLayersDayDisplay>
      <minNepYearSumDisplay>-3000.0</minNepYearSumDisplay>
      <maxSnowMeltSpatialDisplay>60.0</maxSnowMeltSpatialDisplay>
      <maxNepDayDisplay>1000.0</maxNepDayDisplay>
      <maxDocLossYearFinalDisplay>200.0</maxDocLossYearFinalDisplay>
      <max_np>3800.0</max_np>
      <maxGroundTDayDisplay>40.0</maxGroundTDayDisplay>
      <maxNo3SpatialDisplay>1.0</maxNo3SpatialDisplay>
      <maxPlantUptakeSpatialDisplay>0.5</maxPlantUptakeSpatialDisplay>
      <maxDocSpatialDisplay>600.0</maxDocSpatialDisplay>
      <maxStandingWaterDayDisplay>250.0</maxStandingWaterDayDisplay>
      <max_aet>1000.0</max_aet>
      <minVsaValueSpatialDisplay>0.0</minVsaValueSpatialDisplay>
      <maxIrradianceSpatialDisplay>1500.0</maxIrradianceSpatialDisplay>
      <maxBiomassDayDisplay>75000.0</maxBiomassDayDisplay>
      <maxAgTotalCarbonDaySpatialDisplay>1000.0</maxAgTotalCarbonDaySpatialDisplay>
      <maxBiomassRootDayDisplay>1600</maxBiomassRootDayDisplay>
      <maxNinSpatialDisplay>1.0</maxNinSpatialDisplay>
      <maxBiomassLeafDayDisplay>1600</maxBiomassLeafDayDisplay>
      <maxCo2DenitDaySpatialDisplay>2.0</maxCo2DenitDaySpatialDisplay>
      <minAgTotalBurnedCarbonDaySpatialDisplay>0.0</minAgTotalBurnedCarbonDaySpatialDisplay>
      <minHumusLayersDayDisplay>0.0</minHumusLayersDayDisplay>
      <minAgTotalCarbonDaySpatialDisplay>0.0</minAgTotalCarbonDaySpatialDisplay>
      <minIrradianceSpatialDisplay>0.0</minIrradianceSpatialDisplay>
      <maxNinDayDisplay>0.02</maxNinDayDisplay>
      <minBiomassBgStemDayDisplay>0.0</minBiomassBgStemDayDisplay>
      <vplot_doc>200.0</vplot_doc>
      <maxAsymbioticNfixedDayDisplay>0.1</maxAsymbioticNfixedDayDisplay>
      <maxDetritusRootDayDisplay>1200</maxDetritusRootDayDisplay>
      <maxWaterLayerTDayDisplay>40.0</maxWaterLayerTDayDisplay>
      <maxDetritusLeafDayDisplay>2000</maxDetritusLeafDayDisplay>
      <minBiomassYearFinalDisplay>0.0</minBiomassYearFinalDisplay>
      <maxTidewaterSpatialDisplay>3.0</maxTidewaterSpatialDisplay>
      <maxAgTotalGrazedCarbonDaySpatialDisplay>750.0</maxAgTotalGrazedCarbonDaySpatialDisplay>
      <max_psm_npp>2.0</max_psm_npp>
      <min_aet>100.0</min_aet>
      <maxNo3LossDayDisplay>0.0002</maxNo3LossDayDisplay>
      <maxSnowSpatialDisplay>50.0</maxSnowSpatialDisplay>
      <maxSurfaceDonSpatialDisplay>1.0</maxSurfaceDonSpatialDisplay>
      <maxNo3DenitDaySpatialDisplay>2.0</maxNo3DenitDaySpatialDisplay>
      <maxSurfaceNh4SpatialDisplay>1.0</maxSurfaceNh4SpatialDisplay>
      <maxSubRunoffDayDisplay>30.0</maxSubRunoffDayDisplay>
      <minDetritusRootLayersDayDisplay>0.0</minDetritusRootLayersDayDisplay>
      <minAirTDayDisplay>-10.0</minAirTDayDisplay>
      <maxDetritusBgStemDayDisplay>7000</maxDetritusBgStemDayDisplay>
      <maxNitrificationDaySpatialDisplay>0.002</maxNitrificationDaySpatialDisplay>
      <maxBiomassYearSumDisplay>50000.0</maxBiomassYearSumDisplay>
      <minAirTSpatialDisplay>-10.0</minAirTSpatialDisplay>
      <maxHumusDayDisplay>20000.0</maxHumusDayDisplay>
      <minDetritusBgStemDayDisplay>0.0</minDetritusBgStemDayDisplay>
      <maxDocLossDayDisplay>0.04</maxDocLossDayDisplay>
      <minAirTYearDisplay>0.0</minAirTYearDisplay>
      <minBiomassAgStemDayDisplay>0.0</minBiomassAgStemDayDisplay>
      <minGroundTDayDisplay>-20.0</minGroundTDayDisplay>
      <max_qtdin>0.0025</max_qtdin>
      <maxIrradianceDayDisplay>1500.0</maxIrradianceDayDisplay>
      <maxRunoffDayDisplay>50.0</maxRunoffDayDisplay>
      <maxRainSpatialDisplay>60.0</maxRainSpatialDisplay>
      <maxSymbioticNfixedDayDisplay>1.0</maxSymbioticNfixedDayDisplay>
      <minPlantUptakeSpatialDisplay>0.0</minPlantUptakeSpatialDisplay>
      <maxRainDayDisplay>100.0</maxRainDayDisplay>
      <minBiomassDayDisplay>0.0</minBiomassDayDisplay>
      <maxDetritusAgStemDayDisplay>30000</maxDetritusAgStemDayDisplay>
      <maxDenitrificationDaySpatialDisplay>0.00001</maxDenitrificationDaySpatialDisplay>
      <maxDocLossYearSumDisplay>10.0</maxDocLossYearSumDisplay>
      <maxNinfiltrationSpatialDisplay>1.0</maxNinfiltrationSpatialDisplay>
      <minDetritusAgStemDayDisplay>0.0</minDetritusAgStemDayDisplay>
      <maxSurfaceNo3SpatialDisplay>1.0</maxSurfaceNo3SpatialDisplay>
      <minLitterDayDisplay>0.0</minLitterDayDisplay>
      <minAgTotalGrazedCarbonDaySpatialDisplay>0.0</minAgTotalGrazedCarbonDaySpatialDisplay>
      <maxSnowDepthSpatialDisplay>30.0</maxSnowDepthSpatialDisplay>
    </DisplayRange>
  </display>
  <disturbance>
    <Watering_Grass>
      <initializeActiveJdays>167-259</initializeActiveJdays>
      <modelClass>IrrigationDisturbanceModel</modelClass>
      <initializeActiveLoops>1</initializeActiveLoops>
      <initializeCoverIds>14</initializeCoverIds>
      <initializeActiveYears>1987-2015</initializeActiveYears>
      <setIrrigationThreshold>3.63</setIrrigationThreshold>
    </Watering_Grass>
    <Fertilizing_Grass>
      <initializeCoverIds>14</initializeCoverIds>
      <enableAutomaticSpatialReporting>true</enableAutomaticSpatialReporting>
      <additionalNo3>0.8056</additionalNo3>
      <depositionTargetOption>SURFACE</depositionTargetOption>
      <initializeActiveYears>1987-2015</initializeActiveYears>
      <filterMapFullName/>
      <trimOutputToWatershedBoundary>false</trimOutputToWatershedBoundary>
      <initializeActiveJdays>122,167,245,306</initializeActiveJdays>
      <additionalNh4>1.6356</additionalNh4>
      <initializeActiveLoops>1</initializeActiveLoops>
      <modelClass>FertilizeLsrDisturbanceModel</modelClass>
      <additionalHumus>2.4412</additionalHumus>
      <initializeAgeModification>+0</initializeAgeModification>
      <ageThreshold>0</ageThreshold>
      <initializeFilterIds/>
    </Fertilizing_Grass>
    <Mowing_Grass>
      <enableAutomaticSpatialReporting>true</enableAutomaticSpatialReporting>
      <ageThreshold>0</ageThreshold>
      <biomassAgStemNoffsiteFraction>0.2</biomassAgStemNoffsiteFraction>
      <initializeAgeModification>+0</initializeAgeModification>
      <initializeCoverIds>14</initializeCoverIds>
      <biomassLeafNharvestFraction>0.3</biomassLeafNharvestFraction>
      <biomassBgStemNharvestFraction>0</biomassBgStemNharvestFraction>
      <initializeFilterIds/>
      <modelClass>HarvestLsrDisturbanceModel</modelClass>
      <initializeActiveLoops>1</initializeActiveLoops>
      <biomassBgStemNoffsiteFraction>0</biomassBgStemNoffsiteFraction>
      <filterMapFullName/>
      <biomassRootNharvestFraction>0</biomassRootNharvestFraction>
      <initializeActiveJdays>61,75,92,106,122,136,153,167,183,197,214,228,245,259</initializeActiveJdays>
      <biomassLeafNoffsiteFraction>0.2</biomassLeafNoffsiteFraction>
      <initializeActiveYears>1987-2015</initializeActiveYears>
      <biomassRootNoffsiteFraction>0</biomassRootNoffsiteFraction>
      <trimOutputToWatershedBoundary>false</trimOutputToWatershedBoundary>
      <biomassAgStemNharvestFraction>0.3</biomassAgStemNharvestFraction>
    </Mowing_Grass>
  </disturbance>
  <mercury/>
  <penumbra/>
  <soil>
    <Soil3_sandy_loam>
      <nitrificationKmax>0.1</nitrificationKmax>
      <porosityFraction>0.453</porosityFraction>
      <nitrificationWfpsCoeff3>4.5</nitrificationWfpsCoeff3>
      <nitrificationWfpsCoeff2>1.5</nitrificationWfpsCoeff2>
      <nitrificationWfpsCoeff1>0.0</nitrificationWfpsCoeff1>
      <nitrificationWfpsCoeff0>0.5</nitrificationWfpsCoeff0>
      <bulkDensity>1.52</bulkDensity>
      <setSoilLayerWeights>0.25, 0.25, 0.25, 0.25</setSoilLayerWeights>
      <donLossFraction>0.03</donLossFraction>
      <docLossFraction>0.05</docLossFraction>
      <soilColumnDepth>2000.0</soilColumnDepth>
      <setDenitrificationSoilCondition>INTACT</setDenitrificationSoilCondition>
      <setSoilLayerKsLateralValues/>
      <uniqueId>0</uniqueId>
      <initialHumusCarbon>15000.0</initialHumusCarbon>
      <setAllowExtremaAtLayer/>
      <nh4LossFraction>0.01</nh4LossFraction>
      <pH>4.5</pH>
      <nitrificationToN2o>0.02</nitrificationToN2o>
      <ksVerticalExponentialDecayFactor>0.002305796</ksVerticalExponentialDecayFactor>
      <humusNmaxDecay>0.00028</humusNmaxDecay>
      <nitrificationK1>0.2</nitrificationK1>
      <uniqueName>sandy loam</uniqueName>
      <no3LossFraction>0.05</no3LossFraction>
      <wiltPoint>0.095</wiltPoint>
      <setSoilLayerThicknesses/>
      <surfaceKs>771.198</surfaceKs>
      <fieldCapacity>0.207</fieldCapacity>
      <ksLateralExponentialDecayFactor>0.0000923</ksLateralExponentialDecayFactor>
      <setSoilLayerKsVerticalValues/>
      <humusCtoN>35.7</humusCtoN>
    </Soil3_sandy_loam>
  </soil>
  <spatialDataWriter/>
  <startups>
    <VelmaStartups.properties>
      <useMercuryCode>false</useMercuryCode>
      <collectCalibrationData>true</collectCalibrationData>
      <useIcellStepByDayCode>false</useIcellStepByDayCode>
      <setStartStateSpatialDataLocationName/>
      <setSoilTemperatureModel>ORIGINAL</setSoilTemperatureModel>
      <inputDataLocationDirName>thornton_10m_velma</inputDataLocationDirName>
      <spatialFileWritersDirName>ActiveSpatialFileWriters</spatialFileWritersDirName>
      <useExperimentalWaterTemperatureCode>false</useExperimentalWaterTemperatureCode>
      <suppressAllOutputFiles>false</suppressAllOutputFiles>
      <inputDataLocationRootName>F:\bbarnhar</inputDataLocationRootName>
      <useExperimentalHydrologyCode>false</useExperimentalHydrologyCode>
      <useExperimentalPsmCode>false</useExperimentalPsmCode>
      <setStreamTemperatureModel>BASELINE_LINEAR</setStreamTemperatureModel>
      <useIsotopeCode>false</useIsotopeCode>
      <setEndStateSpatialDataLocationName/>
      <notesText>2018-02-21 BLB
Running for 28 years + 1-year spinup to look at inter-annual variability in discharge reductions. 

2018-02-14 BLB
25% green roofs. Changed Cover Map. Added Cover Species UniqueID 20 with identical characteristics to grass. 
Changed pervious layer to longfellow_10m_perm_25.asc


2018-02-12
Added fertilizer and mowing disturbances
Fertilizer: half humus / half soluble. 2/3nh4 1/3no3
Mowing: take 30% of biomass, 20% of that taken offsite. 

2018-02-05
Put in Irrigation disturbance so that people water their lawns. 
Threshold is 3.63 mm/day for each grass cell.

2018-02-01
put in values from 0d62 moea run. 
/calibration/VelmaCalibration.properties/be	
/cover/Cover1_Conifer/petParam1	
/cover/Cover3_Grass/petParam1	
/soil/Soil3_sandy_loam/ksLateralExponentialDecayFactor	
/soil/Soil3_sandy_loam/ksVerticalExponentialDecayFactor	
/soil/Soil3_sandy_loam/surfaceKs

objectives	-0.615062362	
variables	
6.939899497	
0.991064989	
0.959912051	
9.23E-05	
0.002305796	
771.1977744


2018-01-22
Separated Building (2) and Roads (13) into two separate cover types. 
Changed cover type file to lulc_complex_longfellow_10m_new.asc

2017-08-30
Set 1year spinup, matched outlet to observed data, and created simplified LULC. 
Grass is uniqueid 14
Buildings/Road is uniqueid 13
Conifer is uniqueid 3

Permable surfaces included. pervious_lulc_longfellow_1m.asc

2017-05-24
Set directories to 
L:\Priv\CORFiles\Projects\Velma\0_VELMA Projects\Case Studies\Seattle\Longfellow\longfellow_10m_velma


2016-12-08: Started with HJAndrews base xml.
Historical Run 
AGE = all 0's 
COVER = all 3's Conifer
SOIL = all 3's NEED TO CHECK PARAMETERS</notesText>
      <cellFileWritersDirName>ActiveCellWriters</cellFileWritersDirName>
      <disturbanceModelsDirName/>
    </VelmaStartups.properties>
  </startups>
  <tidewater/>
  <weather>
    <DefaultWeatherModel>
      <snowMeltRate>5.0</snowMeltRate>
      <rainOnSnowEffect>0.5</rainOnSnowEffect>
      <rainDriverDataFileName>precip1987-2015.csv</rainDriverDataFileName>
      <uniqueId>1</uniqueId>
      <modelClass>gov.epa.velmasimulator.DefaultWeatherModel</modelClass>
      <uniqueName>DefaultWeatherModel</uniqueName>
      <airTemperatureDriverDataFileName>tmp1987-2015.csv</airTemperatureDriverDataFileName>
      <snowMeltTemperature>2.0</snowMeltTemperature>
      <snowFormationTemperature>0.0</snowFormationTemperature>
    </DefaultWeatherModel>
  </weather>
</velmaConfiguration>
